region,id,name
安徽,301519,舜禹股份
安徽,600318,新力金融
安徽,688630,芯碁微装
安徽,728,国元证券
安徽,600909,华安证券
安徽,688582,芯动联科
安徽,688639,华恒生物
安徽,300452,山河药辅
安徽,300783,三只松鼠
安徽,603198,迎驾贡酒
安徽,600808,马钢股份
安徽,300595,欧普康视
安徽,2208,合肥城建
安徽,300274,阳光电源
安徽,600199,金种子酒
安徽,301408,华人健康
安徽,2557,洽洽食品
安徽,300009,安科生物
安徽,2817,黄山胶囊
安徽,850,华茂股份
安徽,605108,同庆楼
安徽,2074,国轩高科
安徽,600567,山鹰国际
安徽,2597,金禾实业
安徽,153,丰原药业
安徽,300087,荃银高科
安徽,2298,中电兴发
安徽,688219,会通股份
安徽,603589,口子窖
安徽,600971,恒源煤电
安徽,2230,科大讯飞
安徽,2571,德力股份
安徽,521,长虹美菱
安徽,603801,志邦家居
安徽,713,丰乐种业
安徽,600585,海螺水泥
安徽,300956,英力股份
安徽,603429,集友股份
安徽,300247,融捷健康
安徽,930,中粮科技
安徽,688249,晶合集成
安徽,596,古井贡酒
安徽,417,合肥百货
安徽,600985,淮北矿业
安徽,300088,长信科技
安徽,600520,文一科技
安徽,600983,惠而浦
安徽,2140,东华科技
安徽,3027,同兴环保
安徽,688551,科威尔
安徽,870357,雅葆轩
安徽,831856,浩淼科技
安徽,688679,通源环境
安徽,601606,长城军工
安徽,600575,淮河能源
安徽,600496,精工钢构
安徽,600063,皖维高新
安徽,430718,合肥高科
安徽,430489,佳先股份
安徽,2607,中公教育
安徽,2042,华孚时尚
安徽,2014,永新股份
安徽,603031,安孚科技
安徽,600761,安徽合力
安徽,2136,安 纳 达
安徽,300134,大富科技
安徽,2556,辉隆股份
安徽,688027,国盾量子
安徽,600054,黄山旅游
安徽,832000,安徽凤凰
安徽,600012,皖通高速
安徽,603689,皖天然气
安徽,601918,新集能源
安徽,2690,美亚光电
安徽,601801,皖新传媒
安徽,603815,交建股份
安徽,430478,峆一药业
安徽,603356,华菱精工
安徽,300815,玉禾田
安徽,600990,四创电子
安徽,600502,安徽建工
安徽,603199,九华旅游
安徽,300577,开润股份
安徽,1226,拓山重工
安徽,300520,科大国创
安徽,619,海螺新材
安徽,300877,金春股份
安徽,688610,埃科光电
安徽,2743,富煌钢构
安徽,300929,华骐环保
安徽,600935,华塑股份
安徽,2171,楚江新材
安徽,603599,广信股份
安徽,835892,中科美菱
安徽,688733,壹石通
安徽,603357,设计总院
安徽,300883,龙利得
安徽,630,铜陵有色
安徽,1217,华尔泰
安徽,301321,翰博高新
安徽,688768,容知日新
安徽,300388,节能国祯
安徽,2538,司尔特
安徽,688162,巨一科技
安徽,2969,嘉美包装
安徽,603527,众源新材
安徽,300835,龙磁科技
安徽,603308,应流股份
安徽,2226,江南化工
安徽,1282,三联锻造
安徽,688586,江航装备
安徽,2057,中钢天源
安徽,1230,劲旅环境
安徽,688403,汇成股份
安徽,603011,合锻智能
安徽,600218,全柴动力
安徽,301049,超越科技
安徽,600237,铜峰电子
安徽,688352,颀中科技
安徽,600551,时代出版
安徽,3038,鑫铂股份
安徽,300692,中环环保
安徽,2555,三七互娱
安徽,2331,皖通科技
安徽,688486,龙迅股份
安徽,603150,万朗磁塑
安徽,688077,大地熊
安徽,2541,鸿路钢构
安徽,859,国风新材
安徽,688600,皖仪科技
安徽,2983,芯瑞达
安徽,600444,国机通用
安徽,301234,五洲医疗
安徽,605189,富春染织
安徽,2361,神剑股份
安徽,301297,富乐德
安徽,300218,安利股份
安徽,688419,耐科装备
安徽,2005,ST德豪
安徽,543,皖能电力
安徽,3020,立方制药
安徽,301167,建研设计
安徽,301429,森泰股份
安徽,603768,常青股份
安徽,600375,汉马科技
安徽,688251,井松智能
安徽,300862,蓝盾光电
安徽,871981,晶赛科技
安徽,887,中鼎股份
安徽,688367,工大高科
安徽,600255,鑫科材料
安徽,868,安凯客车
安徽,2347,泰尔股份
安徽,301108,洁雅股份
安徽,600418,江淮汽车
安徽,600552,凯盛科技
安徽,300344,立方数科
安徽,300886,华业香料
安徽,301129,瑞纳智能
安徽,688416,恒烁股份
安徽,603110,东方材料
安徽,1311,多利科技
安徽,603656,泰禾智能
安徽,2997,瑞鹄模具
安徽,603596,伯特利
安徽,301217,铜冠铜箔
安徽,688165,埃夫特-U
安徽,688659,元琛科技
安徽,300816,艾可蓝
安徽,600470,六国化工
安徽,300475,香农芯创
安徽,600577,精达股份
北京,300803,指南针
北京,301333,诺思格
北京,601136,首创证券
北京,600743,华远地产
北京,688621,阳光诺和
北京,837592,华信永道
北京,300759,康龙化成
北京,601059,信达证券
北京,996,*ST中期
北京,872808,曙光数创
北京,300485,赛升药业
北京,688569,铁科轨道
北京,601336,新华保险
北京,600376,首开股份
北京,603590,康辰药业
北京,300045,华力创通
北京,600511,国药股份
北京,601628,中国人寿
北京,301208,中亦科技
北京,2658,雪迪龙
北京,600159,大龙地产
北京,688458,美芯晟
北京,301080,百普赛斯
北京,300662,科锐国际
北京,601995,中金公司
北京,300958,建工修复
北京,609,中迪投资
北京,300406,九强生物
北京,600085,同仁堂
北京,600859,王府井
北京,601066,中信建投
北京,600155,华创云信
北京,2310,东方园林
北京,600161,天坛生物
北京,600266,城建发展
北京,2893,京能热力
北京,601881,中国银河
北京,688658,悦康药业
北京,603127,昭衍新药
北京,300204,舒泰神
北京,601319,中国人保
北京,300661,圣邦股份
北京,300016,北陆药业
北京,601985,中国核电
北京,65,北方国际
北京,300663,科蓝软件
北京,601198,东兴证券
北京,301047,义翘神州
北京,688047,龙芯中科
北京,688066,航天宏图
北京,2657,中科金财
北京,600657,信达地产
北京,688356,键凯科技
北京,600056,中国医药
北京,600429,三元股份
北京,600195,中牧股份
北京,300465,高伟达
北京,833429,康比特
北京,2755,奥赛康
北京,2271,东方雨虹
北京,301380,挖金客
北京,688349,三一重能
北京,798,中水渔业
北京,300773,拉卡拉
北京,688246,嘉和美康
北京,600463,空港股份
北京,666,经纬纺机
北京,600791,京能置业
北京,300073,当升科技
北京,601898,中煤能源
北京,600246,万通发展
北京,603123,翠微股份
北京,688562,航天软件
北京,688687,凯因科技
北京,46,*ST泛海
北京,688169,石头科技
北京,601988,中国银行
北京,2462,嘉事堂
北京,300318,博晖创新
北京,300071,福石控股
北京,300825,阿尔特
北京,600011,华能国际
北京,836208,青矩技术
北京,300887,谱尼测试
北京,688520,神州细胞-U
北京,603613,国联股份
北京,601669,中国电建
北京,2051,中工国际
北京,601588,北辰实业
北京,600886,国投电力
北京,601288,农业银行
北京,300688,创业黑马
北京,601169,北京银行
北京,601398,工商银行
北京,601089,福元医药
北京,430047,诺思兰德
北京,600405,动力源
北京,300289,利德曼
北京,300386,飞天诚信
北京,688068,热景生物
北京,601658,邮储银行
北京,600288,大恒科技
北京,600016,民生银行
北京,688009,中国通号
北京,600588,用友网络
北京,603087,甘李药业
北京,600861,北京人力
北京,601818,光大银行
北京,601888,中国中免
北京,600062,华润双鹤
北京,300444,双杰电气
北京,301367,怡和嘉业
北京,605305,中际联合
北京,2987,京北方
北京,600015,华夏银行
北京,2599,盛通股份
北京,601886,江河集团
北京,600031,三一重工
北京,2038,双鹭药业
北京,688485,九州一轨
北京,601868,中国能建
北京,3007,直真科技
北京,600730,中国高科
北京,688613,奥精医疗
北京,688256,寒武纪-U
北京,601186,中国铁建
北京,688468,科美诊断
北京,729,燕京啤酒
北京,300251,光线传媒
北京,600007,中国国贸
北京,601998,中信银行
北京,601939,建设银行
北京,600372,中航电子
北京,2186,全 聚 德
北京,601668,中国建筑
北京,300065,海兰信
北京,600313,农发种业
北京,600138,中青旅
北京,300542,新晨科技
北京,603927,中科软
北京,601117,中国化学
北京,402,金 融 街
北京,860,顺鑫农业
北京,300072,海新能科
北京,688111,金山办公
北京,300674,宇信科技
北京,600206,有研新材
北京,603818,曲美家居
北京,725,京东方Ａ
北京,2439,启明星辰
北京,2279,久其软件
北京,2642,荣联科技
北京,830879,基康仪器
北京,600980,北矿科技
北京,2065,东华软件
北京,832145,恒合股份
北京,2385,大北农
北京,300612,宣亚国际
北京,601989,中国重工
北京,688369,致远互联
北京,601992,金隅集团
北京,600855,航天长峰
北京,300384,三联虹普
北京,300896,爱美客
北京,601908,京运通
北京,600299,安迪苏
北京,300075,数字政通
北京,601800,中国交建
北京,301175,中科环保
北京,931,中 关 村
北京,600900,长江电力
北京,603616,韩建河山
北京,601718,际华集团
北京,835508,殷图网联
北京,2153,石基信息
北京,2985,北摩高科
北京,688198,佰仁医疗
北京,300430,诚益通
北京,600977,中国电影
北京,603377,东方时尚
北京,2933,新兴装备
北京,603392,万泰生物
北京,300003,乐普医疗
北京,1289,龙源电力
北京,601390,中国中铁
北京,603825,华扬联众
北京,688570,天玛智控
北京,601698,中国卫通
北京,600271,航天信息
北京,603098,森特股份
北京,1213,中铁特货
北京,833819,颖泰生物
北京,601111,中国国航
北京,603903,中持股份
北京,836263,中航泰达
北京,601598,中国外运
北京,430017,星昊医药
北京,688561,奇安信-U
北京,600905,三峡能源
北京,600118,中国卫星
北京,2371,北方华创
北京,300048,合康新能
北京,2573,清新环境
北京,2148,北纬科技
北京,2649,博彦科技
北京,688316,青云科技-U
北京,688015,交控科技
北京,603986,兆易创新
北京,603588,高能环境
北京,600528,中铁工业
北京,688651,盛邦安全
北京,300860,锋尚文化
北京,605599,菜百股份
北京,603516,淳中科技
北京,603871,嘉友国际
北京,300965,恒宇信通
北京,2829,星网宇达
北京,871553,凯腾精工
北京,835179,凯德石英
北京,834021,流金科技
北京,601991,大唐发电
北京,601816,京沪高铁
北京,601766,中国中车
北京,601101,昊华能源
北京,601016,节能风电
北京,600962,国投中鲁
北京,600871,石化油服
北京,600578,京能电力
北京,600100,同方股份
北京,600050,中国联通
北京,600008,首创环保
北京,430090,同辉信息
北京,300810,中科海讯
北京,300419,浩丰科技
北京,300352,北信源
北京,300070,碧水源
北京,2819,东方中科
北京,2542,中化岩土
北京,2504,*ST弘高
北京,8,神州高铁
北京,688244,永信至诚
北京,688722,同益中
北京,837344,三元基因
北京,688563,航材股份
北京,786,北新建材
北京,601088,中国神华
北京,2739,万达电影
北京,600764,中国海防
北京,688287,观典防务
北京,300593,新雷能
北京,2713,东易日盛
北京,2707,众信旅游
北京,2878,元隆雅图
北京,2963,豪尔赛
北京,300799,*ST左江
北京,688084,晶品特装
北京,300296,利亚德
北京,300379,东方通
北京,300895,铜牛信息
北京,688456,有研粉材
北京,688033,天宜上佳
北京,301265,华新环保
北京,300719,安达维尔
北京,301370,国科恒泰
北京,301276,嘉曼服饰
北京,300182,捷成股份
北京,688197,首药控股-U
北京,2701,奥瑞金
北京,300513,恒实科技
北京,300212,易华录
北京,600037,歌华有线
北京,601618,中国中冶
北京,835184,国源科技
北京,600055,万东医疗
北京,2392,北京利尔
北京,601126,四方股份
北京,603970,中农立华
北京,873122,中纺标
北京,603060,国检集团
北京,600536,中国软件
北京,2350,北京科锐
北京,2721,*ST金一
北京,688400,凌云光
北京,600198,大唐电信
北京,300271,华宇软件
北京,2738,中矿资源
北京,688272,*ST富吉
北京,2612,朗姿股份
北京,2410,广联达
北京,300200,高盟新材
北京,1210,金房能源
北京,601068,中铝国际
北京,301120,新特电气
北京,600058,五矿发展
北京,2151,北斗星通
北京,688432,有研硅
北京,688207,格灵深瞳
北京,688200,华峰测控
北京,2467,二六三
北京,600410,华胜天成
北京,688004,博汇科技
北京,300011,鼎汉技术
北京,688291,金橙子
北京,300456,赛微电子
北京,603267,鸿远电子
北京,300383,光环新网
北京,2306,中科云网
北京,959,首钢股份
北京,600916,中国黄金
北京,970,中科三环
北京,688489,三未信安
北京,601728,中国电信
北京,301236,软通动力
北京,688597,煜邦电力
北京,601226,华电重工
北京,688201,信安世纪
北京,603698,航天工程
北京,300774,倍杰特
北京,300541,先进数通
北京,300166,东方国信
北京,688229,博睿数据
北京,300332,天壕能源
北京,601600,中国铝业
北京,600258,首旅酒店
北京,603860,中公高科
北京,600860,京城股份
北京,300055,万邦达
北京,301270,汉仪股份
北京,938,紫光股份
北京,601857,中国石油
北京,600028,中国石化
北京,300231,银信科技
北京,688339,亿华通-U
北京,300579,数字认证
北京,3004,声迅股份
北京,688168,安博通
北京,688080,映翰通
北京,300365,恒华科技
北京,688253,英诺特
北京,300608,思特奇
北京,605,渤海股份
北京,300523,辰安科技
北京,688172,燕东微
北京,2373,千方科技
北京,300374,中铁装配
北京,2995,天地在线
北京,2405,四维图新
北京,300846,首都在线
北京,300477,合纵科技
北京,300191,潜能恒信
北京,600582,天地科技
北京,301153,中科江南
北京,688787,海天瑞声
北京,300496,中科创达
北京,300117,嘉寓股份
北京,603138,海量数据
北京,300229,拓尔思
北京,2066,瑞泰科技
北京,300418,昆仑万维
北京,151,中成股份
北京,603511,爱慕股份
北京,3005,竞业达
北京,882,华联股份
北京,600435,北方导航
北京,300287,飞利信
北京,300034,钢研高纳
北京,300324,旋极信息
北京,301302,华如科技
北京,301169,零点有数
北京,3001,中岩大地
北京,300079,数码视讯
北京,600489,中金黄金
北京,300058,蓝色光标
北京,300002,神州泰岳
北京,802,北京文化
北京,603598,引力传媒
北京,603778,乾景园林
北京,688058,宝兰德
北京,688315,诺禾致源
北京,300213,佳讯飞鸿
北京,620,*ST新联
北京,688280,精进电动-UW
北京,300291,百纳千成
北京,300369,绿盟科技
北京,300785,值得买
北京,300315,掌趣科技
北京,2383,合众思壮
北京,839,ST国安
北京,601858,中国科传
北京,688051,佳华科技
北京,300935,盈建科
北京,688028,沃尔德
北京,688292,浩瀚深度
北京,603569,长久物流
北京,688568,中科星图
北京,603979,金诚信
北京,300455,航天智装
北京,300667,必创科技
北京,300139,晓程科技
北京,301085,亚康股份
北京,2368,太极股份
北京,688509,正元地信
北京,2659,凯文教育
北京,688078,龙软科技
北京,300081,恒信东方
北京,300449,汉邦高科
北京,2780,三夫户外
北京,600658,电子城
北京,688500,*ST慧辰
北京,603803,瑞斯康达
北京,300005,探路者
北京,300150,世纪瑞尔
北京,2362,汉王科技
北京,603859,能科科技
北京,300851,交大思诺
北京,688181,八亿时空
北京,688466,金科环境
北京,300788,中信出版
北京,603025,大豪科技
北京,300445,康斯特
北京,688282,理工导航
北京,300223,北京君正
北京,833575,康乐卫士
北京,300684,中石科技
北京,688277,天智航-U
北京,600386,北巴传媒
北京,600968,海油发展
北京,300353,东土科技
北京,601061,中信金属
北京,603000,人民网
北京,600733,北汽蓝谷
北京,2662,京威股份
北京,301269,华大九天
北京,300157,恒泰艾普
北京,758,中色股份
北京,300010,*ST豆神
北京,688050,爱博医疗
北京,301293,三博脑科
北京,300036,超图软件
北京,603533,掌阅科技
北京,601949,中国出版
北京,300736,百邦科技
北京,300797,钢研纳克
北京,300552,万集科技
北京,300282,*ST三盛
北京,1259,利仁科技
北京,605069,正和生态
北京,600560,金自天正
北京,300364,中文在线
北京,603,盛达资源
北京,300302,同有科技
北京,688236,春立医疗
北京,2771,真视通
北京,301162,国能日新
北京,600166,福田汽车
北京,688326,经纬恒润-W
北京,688338,赛科希德
北京,300928,华安鑫创
北京,603888,新华网
北京,605178,时空科技
北京,688056,莱伯泰科
北京,300858,科拓生物
北京,603603,*ST博天
北京,969,安泰科技
北京,301159,三维天地
北京,600361,创新新材
重庆,838,财信发展
重庆,688443,智翔金泰-U
重庆,300275,梅安森
重庆,600129,太极集团
重庆,2907,华森制药
重庆,300363,博腾股份
重庆,600369,西南证券
重庆,300006,莱美药业
重庆,736,中交地产
重庆,603697,有友食品
重庆,603601,再升科技
重庆,300122,智飞生物
重庆,2742,ST三圣
重庆,788,北大医药
重庆,600132,重庆啤酒
重庆,600565,迪马股份
重庆,601005,重庆钢铁
重庆,601077,渝农商行
重庆,603976,正川股份
重庆,300194,福安药业
重庆,950,重药控股
重庆,1328,登康口腔
重庆,2507,涪陵榨菜
重庆,601963,重庆银行
重庆,688410,山外山
重庆,656,金科股份
重庆,833873,中设咨询
重庆,514,渝 开 发
重庆,601158,重庆水务
重庆,688576,西山科技
重庆,831370,新安洁
重庆,601127,赛力斯
重庆,603191,望变电气
重庆,591,太阳能
重庆,892,欢瑞世纪
重庆,834033,康普化学
重庆,600116,三峡水利
重庆,605122,四方新材
重庆,600939,重庆建工
重庆,1317,三羊马
重庆,2968,新大正
重庆,3006,百亚股份
重庆,301121,紫建电子
重庆,600917,重庆燃气
重庆,600106,重庆路桥
重庆,600279,重庆港
重庆,871857,泓禧科技
重庆,600292,远达环保
重庆,2004,华邦健康
重庆,601827,三峰环境
重庆,830896,旺成科技
重庆,565,渝三峡Ａ
重庆,600615,丰华股份
重庆,603717,天域生态
重庆,603109,神驰机电
重庆,600729,重庆百货
重庆,603758,秦安股份
重庆,600877,电科芯片
重庆,2765,蓝黛科技
重庆,601965,中国汽研
重庆,2872,ST天圣
重庆,301397,溯联股份
重庆,1296,长江材料
重庆,2558,巨人网络
重庆,301307,美利信
重庆,2996,顺博合金
重庆,625,长安汽车
重庆,301107,瑜欣电子
重庆,600847,万里股份
重庆,1696,宗申动力
重庆,603766,隆鑫通用
重庆,600452,涪陵电力
重庆,603100,川仪股份
重庆,601777,力帆科技
福建,603383,顶点软件
福建,2702,海欣食品
福建,300051,三五互联
福建,688278,特宝生物
福建,2626,金达威
福建,600753,庚星股份
福建,2229,鸿博股份
福建,603696,安记食品
福建,601377,兴业证券
福建,300174,元力股份
福建,300685,艾德生物
福建,301148,嘉戎技术
福建,300436,广生堂
福建,300062,中能电气
福建,300300,海峡创新
福建,601187,厦门银行
福建,603893,瑞芯微
福建,2868,绿康生化
福建,2901,大博医疗
福建,300750,宁德时代
福建,688778,厦钨新能
福建,2614,奥佳华
福建,300427,*ST红相
福建,603992,松霖科技
福建,2110,三钢闽光
福建,300972,万辰生物
福建,601166,兴业银行
福建,2961,瑞达期货
福建,600563,法拉电子
福建,600573,惠泉啤酒
福建,833171,国航远洋
福建,300096,易联众
福建,2335,科华数据
福建,600436,片仔癀
福建,600483,福能股份
福建,2788,鹭燕医药
福建,300712,永福股份
福建,600153,建发股份
福建,797,中国武夷
福建,603162,海通发展
福建,301355,南王科技
福建,603180,金牌厨柜
福建,600549,厦门钨业
福建,300341,麦克奥迪
福建,600057,厦门象屿
福建,300941,创识科技
福建,2299,圣农发展
福建,600067,冠城大通
福建,2102,冠福股份
福建,2217,合力泰
福建,301267,华厦眼科
福建,2474,榕基软件
福建,2093,国脉科技
福建,600755,厦门国贸
福建,603826,坤彩科技
福建,300955,嘉亨家化
福建,2752,昇兴股份
福建,603628,清源股份
福建,2398,垒知集团
福建,603668,天马科技
福建,2790,瑞尔特
福建,605118,力鼎光电
福建,603444,吉比特
福建,837748,路桥信息
福建,603909,建发合诚
福建,2512,达华智能
福建,2264,新 华 都
福建,2228,合兴包装
福建,732,ST泰禾
福建,671,ST阳光城
福建,603345,安井食品
福建,603408,建霖家居
福建,688095,福昕软件
福建,547,航天发展
福建,603737,三棵树
福建,300132,青松股份
福建,300648,星云股份
福建,600163,中闽能源
福建,600711,盛屯矿业
福建,688398,赛特新材
福建,831445,龙竹科技
福建,2674,兴业科技
福建,993,闽东电力
福建,600388,龙净环保
福建,603363,傲农生物
福建,600660,福耀玻璃
福建,301196,唯科科技
福建,300867,圣元环保
福建,2740,*ST爱迪
福建,688619,罗普特
福建,603615,茶花股份
福建,300525,博思软件
福建,997,新 大 陆
福建,2029,七 匹 狼
福建,600693,东百集团
福建,603817,海峡环保
福建,536,华映科技
福建,300188,美亚柏科
福建,605365,立达信
福建,603636,南威软件
福建,300884,狄耐克
福建,300560,中富通
福建,688010,福光股份
福建,605086,龙高股份
福建,2235,安妮股份
福建,2785,万里石
福建,688195,腾景科技
福建,603663,三祥新材
福建,2396,星网锐捷
福建,301028,东亚机械
福建,600815,厦工股份
福建,300056,中创环保
福建,603306,华懋科技
福建,2300,太阳电缆
福建,2803,吉宏股份
福建,600897,厦门空港
福建,603933,睿能科技
福建,600493,凤竹纺织
福建,3019,宸展光电
福建,2925,盈趣科技
福建,300658,延江股份
福建,2679,福建金森
福建,601899,紫金矿业
福建,300946,恒而达
福建,300640,德艺文创
福建,300299,富春股份
福建,2593,日上集团
福建,603686,福龙马
福建,1368,通达创智
福建,301136,招标股份
福建,753,漳州发展
福建,2639,雪人股份
福建,688196,卓越新能
福建,605299,舒华体育
福建,600802,福建水泥
福建,600033,福建高速
福建,301300,远翔新材
福建,2174,游族网络
福建,300657,弘信电子
福建,2729,好利科技
福建,300198,纳川股份
福建,300102,乾照光电
福建,600592,龙溪股份
福建,601566,九牧王
福建,300632,光莆股份
福建,526,学大教育
福建,603280,南方路机
福建,300628,亿联网络
福建,300280,紫天科技
福建,603678,火炬电子
福建,663,永安林业
福建,2578,闽发铝业
福建,301165,锐捷网络
福建,2098,浔兴股份
福建,905,厦门港务
福建,603555,ST贵人
福建,300902,国安达
福建,3016,欣贺股份
福建,300605,恒锋信息
福建,2682,龙洲股份
福建,2517,恺英网络
福建,600103,青山纸业
福建,592,平潭发展
福建,2222,福晶科技
福建,300650,太龙股份
福建,600734,ST实达
福建,632,三木集团
福建,600203,福日电子
福建,701,厦门信达
福建,300706,阿石创
福建,600686,金龙汽车
福建,603209,兴通股份
福建,601933,永辉超市
广东,300149,睿智医药
广东,603038,华立股份
广东,600684,珠江股份
广东,688318,财富趋势
广东,90,天健集团
广东,300333,兆日科技
广东,301366,一博科技
广东,300085,银之杰
广东,2797,第一创业
广东,14,沙河股份
广东,300917,特发服务
广东,600446,金证股份
广东,603233,大参林
广东,300995,奇德新材
广东,603063,禾望电气
广东,301338,凯格精机
广东,600383,金地集团
广东,688114,华大智造
广东,300094,国联水产
广东,688177,百奥泰
广东,2548,金新农
广东,300377,赢时胜
广东,513,丽珠集团
广东,2356,赫美集团
广东,300997,欢乐家
广东,2837,英维克
广东,300769,德方纳米
广东,300619,金银河
广东,2791,坚朗五金
广东,603882,金域医学
广东,2256,兆新股份
广东,4,国华网安
广东,688595,芯海科技
广东,712,锦龙股份
广东,300317,珈伟新能
广东,2723,小崧股份
广东,28,国药一致
广东,300844,山水比德
广东,300199,翰宇药业
广东,776,广发证券
广东,2482,*ST广田
广东,2939,长城证券
广东,999,华润三九
广东,2736,国信证券
广东,301323,新莱福
广东,1,平安银行
广东,301325,曼恩斯特
广东,600999,招商证券
广东,300147,香雪制药
广东,600030,中信证券
广东,300724,捷佳伟创
广东,987,越秀资本
广东,300778,新城市
广东,2728,特一药业
广东,3021,兆威机电
广东,300030,阳普医疗
广东,300876,蒙泰高新
广东,2992,宝明科技
广东,600380,健康元
广东,300404,博济医药
广东,2317,众生药业
广东,300723,一品红
广东,1979,招商蛇口
广东,300868,杰美特
广东,688327,云从科技-UW
广东,300676,华大基因
广东,300979,华利集团
广东,31,大悦城
广东,2294,信立泰
广东,300620,光库科技
广东,601318,中国平安
广东,2551,尚荣医疗
广东,2,万 科Ａ
广东,600036,招商银行
广东,300124,汇川技术
广东,300925,法本信息
广东,69,华侨城Ａ
广东,2898,赛隆药业
广东,688323,瑞华泰
广东,600048,保利发展
广东,2334,英威腾
广东,2732,燕塘乳业
广东,301111,粤万年青
广东,1308,康冠科技
广东,688617,惠泰医疗
广东,529,广弘控股
广东,603838,四通股份
广东,2495,佳隆股份
广东,688772,珠海冠宇
广东,10,美丽生态
广东,300602,飞荣达
广东,2030,达安基因
广东,300693,盛弘股份
广东,300991,创益通
广东,78,海王生物
广东,300348,长亮科技
广东,6,深振业Ａ
广东,2314,南山控股
广东,2052,ST同洲
广东,300014,亿纬锂能
广东,300691,联合光电
广东,2218,拓日新能
广东,300206,理邦仪器
广东,39,中集集团
广东,600332,白云山
广东,301033,迈普医学
广东,600325,华发股份
广东,301013,利和兴
广东,2475,立讯精密
广东,600185,格力地产
广东,300973,立高食品
广东,2957,科瑞技术
广东,2352,顺丰控股
广东,300529,健帆生物
广东,301021,英诺激光
广东,300942,易瑞生物
广东,3816,中国广核
广东,603833,欧派家居
广东,1313,粤海饲料
广东,600872,中炬高新
广东,300568,星源材质
广东,300791,仙乐健康
广东,301503,智迪科技
广东,29,深深房Ａ
广东,300498,温氏股份
广东,2880,卫光生物
广东,2851,麦格米特
广东,56,皇庭国际
广东,300622,博士眼镜
广东,300638,广和通
广东,2717,岭南股份
广东,2336,人人乐
广东,301288,清研环境
广东,42,中洲控股
广东,301381,赛维时代
广东,688026,洁特生物
广东,688628,优利德
广东,36,华联控股
广东,2325,洪涛股份
广东,2311,海大集团
广东,301305,朗坤环境
广东,300561,汇金科技
广东,300482,万孚生物
广东,300381,溢多利
广东,603983,丸美股份
广东,600866,星湖科技
广东,2292,奥飞娱乐
广东,11,深物业A
广东,300616,尚品宅配
广东,2319,乐通股份
广东,37,深南电A
广东,300989,蕾奥规划
广东,603288,海天味业
广东,301283,聚胶股份
广东,300938,信测标准
广东,605499,东鹏饮料
广东,300207,欣旺达
广东,688388,嘉元科技
广东,688609,九联科技
广东,2210,飞马国际
广东,2832,比音勒芬
广东,688248,南网科技
广东,300506,名家汇
广东,300227,光韵达
广东,300621,维业股份
广东,2047,宝鹰股份
广东,688325,赛微微电
广东,601333,广深铁路
广东,861,海印股份
广东,1914,招商积余
广东,688322,奥比中光-UW
广东,2399,海普瑞
广东,601138,工业富联
广东,2027,分众传媒
广东,688345,博力威
广东,19,深粮控股
广东,603336,宏辉果蔬
广东,300833,浩洋股份
广东,2745,木林森
广东,2965,祥鑫科技
广东,2967,广电计量
广东,603043,广州酒家
广东,2584,西陇科学
广东,601615,明阳智能
广东,300562,乐心医疗
广东,300586,美联新材
广东,300238,冠昊生物
广东,600868,梅雁吉祥
广东,603848,好太太
广东,688380,中微半导
广东,300454,深信服
广东,2016,世荣兆业
广东,600728,佳都科技
广东,300532,今天国际
广东,872925,锦好医疗
广东,2461,珠江啤酒
广东,300458,全志科技
广东,601,韶能股份
广东,300671,富满微
广东,300389,艾比森
广东,301377,鼎泰高科
广东,2192,融捷股份
广东,688025,杰普特
广东,603268,松发股份
广东,300716,泉为科技
广东,659,珠海中富
广东,2308,威创股份
广东,58,深 赛 格
广东,300131,英唐智控
广东,688128,中国电研
广东,688522,纳睿雷达
广东,831167,鑫汇科
广东,300977,深圳瑞捷
广东,603160,汇顶科技
广东,301486,致尚科技
广东,2855,捷荣技术
广东,688668,鼎通科技
广东,688575,亚辉龙
广东,2433,*ST太安
广东,2959,小熊电器
广东,2841,视源股份
广东,2191,劲嘉股份
广东,603863,松炀资源
广东,2544,普天科技
广东,2054,德美化工
广东,300146,汤臣倍健
广东,2949,华阳国际
广东,7,*ST全新
广东,62,深圳华强
广东,539,粤电力Ａ
广东,300601,康泰生物
广东,301223,中荣股份
广东,828,东莞控股
广东,603920,世运电路
广东,55,方大集团
广东,2609,捷顺科技
广东,300633,开立医疗
广东,300468,四方精创
广东,2759,天际股份
广东,2138,顺络电子
广东,3013,地铁设计
广东,2620,瑞和股份
广东,1201,东瑞股份
广东,688401,路维光电
广东,835185,贝特瑞
广东,300012,华测检测
广东,99,中信海直
广东,603228,景旺电子
广东,300832,新产业
广东,688638,誉辰智能
广东,600098,广州发展
广东,300822,贝仕达克
广东,688208,道通科技
广东,603991,至正股份
广东,301263,泰恩康
广东,688620,安凯微
广东,300130,新国都
广东,2340,格林美
广东,2421,达实智能
广东,3040,楚天龙
广东,300857,协创数据
广东,89,深圳机场
广东,688662,富信科技
广东,2572,索菲亚
广东,872374,云里物里
广东,300572,安车检测
广东,300340,科恒股份
广东,100,TCL科技
广东,301059,金三江
广东,601515,东风股份
广东,688683,莱尔科技
广东,2811,郑中设计
广东,688499,利元亨
广东,16,深康佳Ａ
广东,300738,奥飞数据
广东,921,海信家电
广东,300639,凯普生物
广东,88,盐 田 港
广东,688148,芳源股份
广东,300151,昌红科技
广东,870866,绿亨科技
广东,603051,鹿山新材
广东,834765,美之高
广东,2616,长青集团
广东,532,华金资本
广东,300311,任子行
广东,603936,博敏电子
广东,2600,领益智造
广东,2786,银宝山新
广东,301330,熵基科技
广东,300376,易事特
广东,2419,天虹股份
广东,2137,实益达
广东,2923,润都股份
广东,688699,明微电子
广东,603309,维力医疗
广东,300037,新宙邦
广东,2198,嘉应制药
广东,301318,维海德
广东,685,中山公用
广东,25,特 力Ａ
广东,1338,永顺泰
广东,2233,塔牌集团
广东,603725,天安新材
广东,603898,好莱客
广东,300634,彩讯股份
广东,300246,宝莱特
广东,9,中国宝安
广东,2594,比亚迪
广东,300607,拓斯达
广东,300531,优博讯
广东,2733,雄韬股份
广东,2518,科士达
广东,603535,嘉诚国际
广东,2705,新宝股份
广东,300629,新劲刚
广东,301038,深水规院
广东,301029,怡合达
广东,688393,安必平
广东,870726,鸿智科技
广东,838275,驱动力
广东,836957,汉维科技
广东,836807,奔朗新材
广东,835237,力佳科技
广东,833075,柏星龙
广东,832491,奥迪威
广东,688512,慧智微-U
广东,603797,联泰环保
广东,601228,广州港
广东,600518,ST康美
广东,600499,科达制造
广东,430556,雅达股份
广东,301468,博盈特焊
广东,300834,星辉环材
广东,300448,浩云科技
广东,300197,节能铁汉
广东,300063,天龙集团
广东,2993,奥海科技
广东,2833,弘亚数控
广东,2678,珠江钢琴
广东,2663,普邦股份
广东,2656,ST摩登
广东,2528,英飞拓
广东,2503,*ST搜特
广东,2303,美盈森
广东,2285,世联行
广东,2243,力合科创
广东,2238,天威视讯
广东,2183,怡 亚 通
广东,2163,海南发展
广东,2084,海鸥住工
广东,2008,大族激光
广东,690,宝新能源
广东,507,珠海港
广东,429,粤高速Ａ
广东,40,东旭蓝天
广东,27,深圳能源
广东,49,德赛电池
广东,688036,传音控股
广东,688268,华特气体
广东,688132,邦彦技术
广东,2955,鸿合科技
广东,2709,天赐材料
广东,300546,雄帝科技
广东,1202,炬申股份
广东,832110,雷特科技
广东,688625,呈和科技
广东,688793,倍轻松
广东,2938,鹏鼎控股
广东,555,神州信息
广东,301373,凌玮科技
广东,688210,统联精密
广东,300811,铂科新材
广东,1323,慕思股份
广东,301177,迪阿股份
广东,301391,卡莱特
广东,2831,裕同科技
广东,688418,震有科技
广东,2741,光华科技
广东,688171,纬德信息
广东,2301,齐心集团
广东,61,农 产 品
广东,600673,东阳光
广东,2757,南兴股份
广东,600004,白云机场
广东,839729,永顺生物
广东,873001,纬达光电
广东,600428,中远海特
广东,2121,科陆电子
广东,2980,华盛昌
广东,301327,华宝新能
广东,600323,瀚蓝环境
广东,2672,东江环保
广东,2988,豪美新材
广东,12,南 玻Ａ
广东,2400,省广集团
广东,300814,中富电路
广东,301365,矩阵股份
广东,300438,鹏辉能源
广东,833523,德瑞锂电
广东,2511,中顺洁柔
广东,651,格力电器
广东,300335,迪森股份
广东,2402,和而泰
广东,301291,明阳电气
广东,782,美达股份
广东,300737,科顺股份
广东,1287,中电港
广东,63,中兴通讯
广东,300891,惠云钛业
广东,301018,申菱环境
广东,688518,联赢激光
广东,2975,博杰股份
广东,600143,金发科技
广东,2822,中装建设
广东,2177,御银股份
广东,301282,金禄电子
广东,2449,国星光电
广东,3039,顺控发展
广东,688125,安达智能
广东,32,深桑达Ａ
广东,66,中国长城
广东,300193,佳士科技
广东,2999,天禾股份
广东,601238,广汽集团
广东,2922,伊戈尔
广东,688686,奥普特
广东,300047,天源迪科
广东,2187,广百股份
广东,600433,冠豪高新
广东,300115,长盈精密
广东,523,广州浪奇
广东,2197,证通电子
广东,600029,南方航空
广东,2989,中天精装
广东,839680,广道数字
广东,2063,远光软件
广东,637,ST实华
广东,300424,航新科技
广东,1212,中旗新材
广东,2867,周大生
广东,603630,拉芳家化
广东,600548,深高速
广东,823,超声电子
广东,50,深天马Ａ
广东,301332,德尔玛
广东,301135,瑞德智能
广东,2990,盛视科技
广东,301128,强瑞技术
广东,301328,维峰电子
广东,301051,信濠光电
广东,1298,好上好
广东,300167,ST迪威迅
广东,96,广聚能源
广东,2249,大洋电机
广东,2979,雷赛智能
广东,2543,万和电气
广东,2161,远 望 谷
广东,2429,兆驰股份
广东,2227,奥 特 迅
广东,300232,洲明科技
广东,832876,慧为智能
广东,2416,爱施德
广东,301086,鸿富瀚
广东,300241,瑞丰光电
广东,2625,光启技术
广东,600382,广东明珠
广东,2212,天融信
广东,600162,香江控股
广东,2295,精艺股份
广东,688112,鼎阳科技
广东,301313,凡拓数创
广东,2683,广东宏大
广东,300888,稳健医疗
广东,2291,遥望科技
广东,300052,中青宝
广东,300771,智莱科技
广东,2152,广电运通
广东,603861,白云电器
广东,2215,诺 普 信
广东,300083,创世纪
广东,2918,蒙娜丽莎
广东,2870,香山股份
广东,2842,翔鹭钨业
广东,836871,派特尔
广东,300961,深水海纳
广东,688183,生益电子
广东,688389,普门科技
广东,2908,德生科技
广东,603808,歌力思
广东,2583,海能达
广东,2769,普路通
广东,300889,爱克股份
广东,576,甘化科工
广东,688788,科思科技
广东,300852,四会富仕
广东,300136,信维通信
广东,301002,崧盛股份
广东,2575,群兴玩具
广东,300495,*ST美尚
广东,301200,大族数控
广东,600183,生益科技
广东,300760,迈瑞医疗
广东,2953,日丰股份
广东,300687,赛意信息
广东,601330,绿色动力
广东,541,佛山照明
广东,2055,得润电子
广东,300890,翔丰华
广东,2916,深南电路
广东,300804,广康生化
广东,333,美的集团
广东,2882,金龙羽
广东,3028,振邦智能
广东,688175,高凌信息
广东,2815,崇达技术
广东,2681,奋达科技
广东,688589,力合微
广东,837821,则成电子
广东,300077,国民技术
广东,300903,科翔股份
广东,301043,绿岛风
广东,688209,英集芯
广东,688159,有方科技
广东,300921,南凌科技
广东,2181,粤 传 媒
广东,688138,清溢光电
广东,2139,拓邦股份
广东,2060,粤 水 电
广东,300277,海联讯
广东,717,中南股份
广东,2169,智光电气
广东,300322,硕贝德
广东,688332,中科蓝讯
广东,688361,中科飞测-U
广东,300854,中兰环保
广东,26,飞亚达
广东,300408,三环集团
广东,2905,金逸影视
广东,688559,海目星
广东,601139,深圳燃气
广东,2213,大为股份
广东,688007,光峰科技
广东,301322,绿通科技
广东,688049,炬芯科技
广东,300681,英搏尔
广东,688227,品高股份
广东,2862,实丰文化
广东,300162,雷曼光电
广东,688343,云天励飞-U
广东,300932,三友联众
广东,524,岭南控股
广东,300770,新媒股份
广东,2856,美芝股份
广东,893,亚钾国际
广东,636,风华高科
广东,2911,佛燃能源
广东,600525,长园集团
广东,300252,金信诺
广东,2789,建艺集团
广东,688020,方邦股份
广东,2885,京泉华
广东,300464,星徽股份
广东,2425,凯撒文化
广东,2045,国光电器
广东,300739,明阳电路
广东,2420,毅昌科技
广东,688328,深科达
广东,531,穗恒运Ａ
广东,2735,王子新材
广东,300319,麦捷科技
广东,300098,高新兴
广东,688090,瑞松科技
广东,300269,联建光电
广东,1309,德明利
广东,2919,名臣健康
广东,2446,盛路通信
广东,973,佛塑科技
广东,300713,英可瑞
广东,2141,贤丰控股
广东,2456,欧菲光
广东,300749,顶固集创
广东,300173,福能东方
广东,2106,莱宝高科
广东,300781,因赛集团
广东,2676,顺威股份
广东,300219,鸿利智汇
广东,300310,宜通世纪
广东,2105,信隆健康
广东,301112,信邦智能
广东,300675,建科院
广东,300968,格林精密
广东,2638,勤上股份
广东,300359,全通教育
广东,2970,锐明技术
广东,2170,芭田股份
广东,300545,联得装备
广东,573,粤宏远Ａ
广东,70,特发信息
广东,600685,中船防务
广东,2909,集泰股份
广东,300962,中金辐照
广东,300053,航宇微
广东,603328,依顿电子
广东,2348,高乐股份
广东,600894,广日股份
广东,1229,魅视科技
广东,300752,隆利科技
广东,1283,豪鹏科技
广东,300514,友讯达
广东,300679,电连技术
广东,2327,富安娜
广东,2889,东方嘉盛
广东,300400,劲拓股份
广东,2465,海格通信
广东,688655,迅捷兴
广东,301189,奥尼电子
广东,3003,天元股份
广东,3035,南网能源
广东,17,深中华A
广东,300615,欣天科技
广东,300533,冰川网络
广东,2917,金奥博
广东,20,深华发Ａ
广东,301067,显盈科技
广东,2809,红墙股份
广东,301248,杰创智能
广东,300812,易天股份
广东,300303,聚飞光电
广东,300870,欧陆通
广东,300940,南极光
广东,68,华控赛格
广东,2816,*ST和科
广东,831768,拾比佰
广东,1209,洪兴股份
广东,300711,广哈通信
广东,2782,可立克
广东,301133,金钟股份
广东,2775,文科园林
广东,688228,开普云
广东,300410,正业科技
广东,3037,三和管桩
广东,1339,智微智能
广东,300242,佳云科技
广东,2492,恒基达鑫
广东,300301,*ST长方
广东,2846,英联股份
广东,300951,博硕科技
广东,300457,赢合科技
广东,1314,亿道信息
广东,300543,朗科智能
广东,300042,朗科科技
广东,301387,光大同创
广东,300177,中海达
广东,2369,卓翼科技
广东,300050,世纪鼎利
广东,2930,宏川智慧
广东,603813,原尚股份
广东,1268,联合精密
广东,831039,国义招标
广东,300328,宜安科技
广东,23,ST深天
广东,2792,通宇通讯
广东,1872,招商港口
广东,301091,深城交
广东,300805,电声股份
广东,300221,银禧科技
广东,2017,东信和平
广东,688216,气派科技
广东,2920,德赛西威
广东,688252,天德钰
广东,300518,盛讯达
广东,600892,大晟文化
广东,300843,胜蓝股份
广东,2823,凯中精密
广东,2824,和胜股份
广东,34,神州数码
广东,603386,骏亚科技
广东,2168,惠程科技
广东,2668,奥马电器
广东,2611,东方精工
广东,2762,金发拉比
广东,688135,利扬芯片
广东,2289,ST宇顺
广东,300909,汇创达
广东,301041,金百泽
广东,48,京基智农
广东,688045,必易微
广东,301138,华研精机
广东,2902,铭普光磁
广东,2660,茂硕电源
广东,300790,宇瞳光学
广东,301110,青木股份
广东,2441,众业达
广东,300415,伊之密
广东,300503,昊志机电
广东,603978,深圳新星
广东,1319,铭科精技
广东,300565,科信技术
广东,301326,捷邦科技
广东,300004,南风股份
广东,603608,天创时尚
广东,300824,北鼎股份
广东,3018,金富科技
广东,300939,秋田微
广东,2836,新宏泽
广东,2577,雷柏科技
广东,300235,方直科技
广东,300409,道氏技术
广东,300476,胜宏科技
广东,2341,新纶新材
广东,300499,高澜股份
广东,300403,汉宇集团
广东,301191,菲菱科思
广东,2076,星光股份
广东,300154,瑞凌股份
广东,300686,智动力
广东,300556,丝路视觉
广东,45,深纺织Ａ
广东,300599,雄塑科技
广东,2774,快意电梯
广东,300591,万里马
广东,2853,皮阿诺
广东,688115,思林杰
广东,300756,金马游乐
广东,301123,奕东电子
广东,2884,凌霄泵业
广东,2973,侨银股份
广东,300576,容大感光
广东,534,万泽股份
广东,603322,超讯通信
广东,301395,仁信新材
广东,301396,宏景科技
广东,688173,希荻微
广东,2579,中京电子
广东,301512,智信精密
广东,1316,润贝航科
广东,300735,光弘科技
广东,300484,蓝海华腾
广东,688083,中望软件
广东,2972,科安达
广东,2906,华阳集团
广东,2886,沃特股份
广东,3010,若羽臣
广东,2502,ST鼎龙
广东,301319,唯特偶
广东,2035,华帝股份
广东,1322,箭牌家居
广东,2835,同为股份
广东,300635,中达安
广东,688321,微芯生物
广东,2666,德联集团
广东,300793,佳禾智能
广东,2981,朝阳科技
广东,2869,金溢科技
广东,301105,鸿铭股份
广东,2876,三利谱
广东,2763,汇洁股份
广东,300976,达瑞电子
广东,603390,通达电气
广东,976,ST华铁
广东,21,深科技
广东,2647,仁东控股
广东,301131,聚赛龙
广东,300350,华鹏飞
广东,300570,太辰光
广东,2101,广东鸿图
广东,300460,惠伦晶体
广东,301369,联动科技
广东,300589,江龙船艇
广东,2875,安奈儿
广东,301382,蜂助手
广东,688279,峰岹科技
广东,301042,安联锐视
广东,601900,南方传媒
广东,300281,金明精机
广东,688312,燕麦科技
广东,300155,安居宝
广东,688359,三孚新科
广东,2345,潮宏基
广东,301011,华立科技
广东,300949,奥雅股份
广东,688618,三旺通信
广东,300668,杰恩设计
广东,300745,欣锐科技
广东,301039,中集车辆
广东,300538,同益股份
广东,2806,华锋股份
广东,300625,三雄极光
广东,2813,路畅科技
广东,2130,沃尔核材
广东,676,智度股份
广东,3012,东鹏控股
广东,301363,美好医疗
广东,2436,兴森科技
广东,300044,赛为智能
广东,2881,美格智能
广东,300176,派生科技
广东,2654,万润科技
广东,300978,东箭科技
广东,300521,爱司凯
广东,688383,新益昌
广东,600589,*ST榕泰
广东,603335,迪生力
广东,301178,天亿马
广东,300606,金太阳
广东,603348,文灿股份
广东,836892,广咨国际
广东,688627,精智达
广东,300264,佳创视讯
广东,300057,万顺新材
广东,2766,索菱股份
广东,2167,东方锆业
广东,2180,纳思达
广东,2888,惠威科技
广东,301312,智立方
广东,2850,科达利
广东,688395,正弦电气
广东,603118,共进股份
广东,533,顺钠股份
广东,2912,中新赛克
广东,5,ST星源
广东,2288,超华科技
广东,300720,海川智能
广东,301308,江波龙
广东,300689,澄天伟业
广东,300043,星辉娱乐
广东,688669,聚石化学
广东,300916,朗特智能
广东,300656,民德电子
广东,60,中金岭南
广东,2031,巨轮智能
广东,301268,铭利达
广东,2845,同兴达
广东,300960,通业科技
广东,2715,登云股份
广东,2830,名雕股份
广东,300808,久量股份
广东,2351,漫步者
广东,301314,科瑞思
广东,300112,万讯自控
广东,300647,超频三
广东,688525,佰维存储
广东,2587,奥拓电子
广东,688622,禾信仪器
广东,688612,威迈斯
广东,2313,*ST日海
广东,2209,达 意 隆
广东,603002,宏昌电子
广东,301488,豪恩汽电
广东,2776,*ST柏龙
广东,688603,天承科技
广东,300731,科创新源
广东,300417,南华仪器
广东,2724,海洋王
广西,716,黑芝麻
广西,750,国海证券
广西,832023,田野股份
广西,2329,皇氏集团
广西,2956,西麦食品
广西,600252,中恒集团
广西,703,恒逸石化
广西,2166,莱茵生物
广西,600301,华锡有色
广西,2275,桂林三金
广西,2696,百洋股份
广西,911,南宁糖业
广西,2592,ST八菱
广西,953,河化股份
广西,600236,桂冠电力
广西,833,粤桂股份
广西,600556,天下秀
广西,838837,华原股份
广西,600310,广西能源
广西,601368,绿城水务
广西,601003,柳钢股份
广西,600368,五洲交通
广西,978,桂林旅游
广西,603368,柳药集团
广西,528,柳 工
广西,600249,两面针
广西,2929,润建股份
广西,601996,丰林集团
广西,600538,国发股份
广西,603166,福达股份
广西,301379,天山电子
广西,582,北部湾港
广西,600423,柳化股份
广西,600712,南宁百货
广西,300422,博世科
广西,603869,新智认知
广西,301027,华蓝集团
广西,832885,星辰科技
广西,608,阳光股份
广西,600936,广西广电
广西,2175,东方智造
甘肃,2910,庄园牧场
甘肃,1227,兰州银行
甘肃,603919,金徽酒
甘肃,2644,佛慈制药
甘肃,300534,陇神戎发
甘肃,2219,新里程
甘肃,929,兰州黄河
甘肃,981,山子股份
甘肃,600354,敦煌种业
甘肃,600307,酒钢宏兴
甘肃,791,甘肃能源
甘肃,600543,*ST莫高
甘肃,300093,金刚光伏
甘肃,2665,首航高科
甘肃,552,甘肃能化
甘肃,691,亚太实业
甘肃,603169,兰石重装
甘肃,300084,海默科技
甘肃,300021,大禹节水
甘肃,2145,中核钛白
甘肃,600720,祁连山
甘肃,672,上峰水泥
甘肃,995,*ST皇台
甘肃,600108,亚盛集团
甘肃,2772,众兴菌业
甘肃,2185,华天科技
甘肃,600738,丽尚国潮
甘肃,600192,长城电工
甘肃,600516,方大炭素
甘肃,603999,读者传媒
甘肃,779,甘咨询
甘肃,601798,蓝科高新
甘肃,601212,白银有色
甘肃,601086,国芳集团
甘肃,603132,金徽股份
贵州,301428,世纪恒通
贵州,600610,中毅达
贵州,600594,益佰制药
贵州,600996,贵广网络
贵州,300919,中伟股份
贵州,2390,信邦制药
贵州,601997,贵阳银行
贵州,2873,新天药业
贵州,600227,赤天化
贵州,600367,红星发展
贵州,600112,ST天成
贵州,2424,贵州百灵
贵州,600395,盘江股份
贵州,603439,贵州三力
贵州,600519,贵州茅台
贵州,2039,黔源电力
贵州,2927,泰永长征
贵州,603058,永吉股份
贵州,600903,贵州燃气
贵州,2895,川恒股份
贵州,733,振华科技
贵州,688707,振华新材
贵州,300288,朗玛信息
贵州,2037,保利联合
贵州,603458,勘设股份
贵州,688439,振华风光
贵州,830809,安达科技
贵州,600765,中航重机
贵州,2025,航天电器
贵州,600992,贵绳股份
贵州,851,高鸿股份
贵州,2928,华夏航空
贵州,589,贵州轮胎
贵州,688239,航宇科技
贵州,920,沃顿科技
贵州,600523,贵航股份
河北,2146,荣盛发展
河北,1301,尚太科技
河北,603938,三孚股份
河北,300446,乐凯新材
河北,2603,以岭药业
河北,300368,汇金股份
河北,600559,老白干酒
河北,300869,康泰医学
河北,600230,沧州大化
河北,848,承德露露
河北,835985,海泰新能
河北,600812,华北制药
河北,600340,华夏幸福
河北,600965,福成股份
河北,958,电投产融
河北,300255,常山药业
河北,603176,汇通集团
河北,838163,方大新材
河北,401,冀东水泥
河北,600906,财达证券
河北,300765,新诺威
河北,603385,惠达卫浴
河北,889,ST中嘉
河北,2459,晶澳科技
河北,600,建投能源
河北,832171,志晟信息
河北,2049,紫光国微
河北,603050,科林电气
河北,600997,开滦股份
河北,3031,中瓷电子
河北,300981,中红医疗
河北,923,河钢资源
河北,832471,美邦科技
河北,300491,通合科技
河北,836717,瑞星股份
河北,600956,新天绿能
河北,2960,青鸟消防
河北,937,冀中能源
河北,836247,华密新材
河北,603156,养元饮品
河北,300107,建新股份
河北,600135,乐凯胶片
河北,600409,三友化工
河北,600550,保变电气
河北,600722,金牛化工
河北,709,河钢股份
河北,2342,巨力索具
河北,856,冀东装备
河北,2442,龙星化工
河北,688146,中船特气
河北,600803,新奥股份
河北,2108,沧州明珠
河北,600149,廊坊发展
河北,300152,新动力
河北,778,新兴铸管
河北,605196,华通线缆
河北,2282,博深股份
河北,601000,唐山港
河北,300137,先河环保
河北,301197,工大科雅
河北,2691,冀凯股份
河北,830964,润农节水
河北,2494,华斯股份
河北,413,东旭光电
河北,600480,凌云股份
河北,300922,天秦装备
河北,600482,中国动力
河北,158,常山北明
河北,601633,长城汽车
河北,300847,中船汉光
河北,301261,恒工精密
河北,300138,晨光生物
河北,601326,秦港股份
河北,300990,同飞股份
河北,301298,东利机械
河北,300371,汇中股份
河北,300428,立中集团
河南,2535,林州重机
河南,301277,新天地
河南,301152,天力锂能
河南,300910,瑞丰新材
河南,301089,拓新药业
河南,300908,仲景食品
河南,300437,清水源
河南,300829,金丹科技
河南,601375,中原证券
河南,2321,华英农业
河南,2423,中粮资本
河南,300850,新强联
河南,2216,三全食品
河南,600222,太龙药业
河南,2582,好想你
河南,301376,致欧科技
河南,1215,千味央厨
河南,300109,新开源
河南,600312,XD平高电
河南,301207,华兰疫苗
河南,2936,郑州银行
河南,834415,恒拓开源
河南,2007,华兰生物
河南,600285,羚锐制药
河南,2087,*ST新纺
河南,300614,百川畅银
河南,601608,中信重工
河南,600186,莲花健康
河南,603566,普莱柯
河南,895,双汇发展
河南,2560,通达股份
河南,688357,建龙微纳
河南,832225,利通科技
河南,2714,牧原股份
河南,838971,天马新材
河南,300263,隆华科技
河南,688517,金冠电气
河南,300480,光力科技
河南,2431,棕榈股份
河南,301071,力量钻石
河南,600876,凯盛新能
河南,600020,中原高速
河南,600172,黄河旋风
河南,688313,仕佳光子
河南,1896,豫能控股
河南,2046,国机精工
河南,688626,翔宇医疗
河南,872895,花溪科技
河南,833454,同心传动
河南,831087,秋乐种业
河南,600439,瑞贝卡
河南,600403,大有能源
河南,600207,安彩高科
河南,2132,恒星科技
河南,949,新乡化纤
河南,2189,中光学
河南,834407,驰诚股份
河南,2601,龙佰集团
河南,601717,郑煤机
河南,601038,一拖股份
河南,400,许继电气
河南,301182,凯旺科技
河南,612,焦作万方
河南,300080,易成新能
河南,605368,蓝天燃气
河南,2613,北玻股份
河南,601666,平煤股份
河南,600810,神马股份
河南,2179,中航光电
河南,300179,四方达
河南,300248,新开普
河南,688119,中钢洛耐
河南,600121,郑州煤电
河南,2407,多氟多
河南,835207,众诚科技
河南,833580,科创新材
河南,839725,惠丰钻石
河南,300481,濮阳惠成
河南,885,城发环境
河南,603508,思维列控
河南,2296,辉煌科技
河南,2225,濮耐股份
河南,300701,森霸传感
河南,2358,森源电气
河南,838402,硅烷科技
河南,300732,设研院
河南,603993,洛阳钼业
河南,2536,飞龙股份
河南,300259,新天科技
河南,601677,明泰铝业
河南,603658,安图生物
河南,300013,新宁物流
河南,544,中原环保
河南,600569,安阳钢铁
河南,300845,捷安高科
河南,301361,众智科技
河南,600066,宇通客车
河南,600817,宇通重工
河南,2406,远东传动
河南,300807,天迈科技
河南,933,神火股份
河南,300007,汉威科技
河南,832175,东方碳素
河南,600469,风神股份
河南,3008,开普检测
河南,2857,三晖电气
河南,719,中原传媒
河南,2448,中原内配
河南,600595,中孚实业
河南,600531,豫光金铅
海南,2693,双成药业
海南,566,海南海药
海南,2865,钧达股份
海南,688676,金盘科技
海南,300086,康芝药业
海南,605199,葫芦娃
海南,300630,普利制药
海南,600515,海南机场
海南,300189,神农科技
海南,600238,海南椰岛
海南,505,京粮控股
海南,567,海德股份
海南,735,罗 牛 山
海南,603069,海汽集团
海南,601969,海南矿业
海南,601118,海南橡胶
海南,600259,广晟有色
海南,600221,海航控股
海南,886,海南高速
海南,657,中钨高新
海南,2320,海峡股份
海南,571,新大洲A
海南,955,欣龙控股
海南,600759,ST洲际
海南,796,*ST凯撒
海南,572,海马汽车
海南,793,华闻集团
海南,2596,海南瑞泽
湖北,600136,*ST明诚
湖北,601162,天风证券
湖北,600079,人福医药
湖北,603719,良品铺子
湖北,300683,海特生物
湖北,627,天茂集团
湖北,301211,亨迪药业
湖北,688646,C逸飞
湖北,783,长江证券
湖北,839273,一致魔芋
湖北,600998,九州通
湖北,300966,共同药业
湖北,605388,均瑶健康
湖北,600993,马应龙
湖北,300567,精测电子
湖北,688387,信科移动-U
湖北,300220,ST金运
湖北,2932,明德生物
湖北,301246,宏源药业
湖北,600769,祥龙电业
湖北,300018,中元股份
湖北,301183,东田微
湖北,902,新洋丰
湖北,830779,武汉蓝电
湖北,821,京山轻机
湖北,600745,闻泰科技
湖北,600566,济川药业
湖北,600774,汉商集团
湖北,300776,帝尔激光
湖北,600703,三安光电
湖北,2305,南国置业
湖北,952,广济药业
湖北,300516,久之洋
湖北,600298,安琪酵母
湖北,300871,回盛生物
湖北,852,石化机械
湖北,839946,华阳变速
湖北,966,长源电力
湖北,926,福星股份
湖北,2971,和远气体
湖北,688089,嘉必优
湖北,301048,金鹰重工
湖北,883,湖北能源
湖北,600133,东湖高新
湖北,301127,天源环保
湖北,2950,奥美医疗
湖北,600885,宏发股份
湖北,688667,菱电电控
湖北,837174,宏裕包材
湖北,603281,江瀚新材
湖北,600568,ST中珠
湖北,600168,武汉控股
湖北,300205,天喻信息
湖北,670,盈方微
湖北,520,长航凤凰
湖北,300161,华中数控
湖北,688526,科前生物
湖北,688081,兴图新科
湖北,301235,华康医疗
湖北,836942,恒立钻具
湖北,688038,中科通达
湖北,600184,光电股份
湖北,300184,力源信息
湖北,600681,百川能源
湖北,600141,兴发集团
湖北,785,居然之家
湖北,300527,中船应急
湖北,615,*ST美谷
湖北,600345,长江通信
湖北,600801,华新水泥
湖北,300046,台基股份
湖北,2627,三峡旅游
湖北,603950,长源东谷
湖北,759,中百集团
湖北,688275,万润新能
湖北,600498,烽火通信
湖北,501,武商集团
湖北,708,中信特钢
湖北,603067,振华股份
湖北,601311,骆驼股份
湖北,301205,联特科技
湖北,603738,泰晶科技
湖北,600035,楚天高速
湖北,2962,五方光电
湖北,600976,健民集团
湖北,688151,华强科技
湖北,600879,航天电子
湖北,600462,ST九有
湖北,300041,回天新材
湖北,971,ST高升
湖北,826,启迪环境
湖北,2414,高德红外
湖北,838670,恒进感应
湖北,603220,中贝通信
湖北,601956,东贝集团
湖北,430198,微创光电
湖北,2159,三特索道
湖北,2194,武汉凡谷
湖北,601869,长飞光纤
湖北,2281,光迅科技
湖北,707,双环科技
湖北,300387,富邦股份
湖北,600654,ST中安
湖北,665,湖北广电
湖北,600107,美尔雅
湖北,422,湖北宜化
湖北,2365,永安药业
湖北,2694,顾地科技
湖北,553,安道麦A
湖北,2072,凯瑞德
湖北,300536,农尚环境
湖北,300323,华灿光电
湖北,688237,超卓航科
湖北,2783,凯龙股份
湖北,688552,航天南湖
湖北,300054,鼎龙股份
湖北,600757,长江传媒
湖北,300278,华昌达
湖北,688143,长盈通
湖北,600006,东风汽车
湖北,300494,盛天网络
湖北,1267,汇绿生态
湖北,603716,塞力医疗
湖北,300747,锐科激光
湖北,688156,路德环境
湖北,600293,三峡新材
湖北,2861,瀛通通讯
湖北,300276,三丰智能
湖北,300557,理工光科
湖北,300980,祥源新材
湖北,300971,博亚精工
湖北,301150,中一科技
湖北,873305,九菱科技
湖北,300395,菲利华
湖北,300517,海波重科
湖北,600421,华嵘控股
湖北,688665,四方光电
湖北,988,华工科技
湖北,678,襄阳轴承
湖北,301192,泰祥股份
湖北,600355,精伦电子
湖北,301221,光庭信息
湖北,2377,国创高新
湖南,908,景峰医药
湖南,601901,方正证券
湖南,2251,步 步 高
湖南,603721,中广天择
湖南,600257,大湖股份
湖南,603883,老百姓
湖南,300740,水羊股份
湖南,603939,益丰药房
湖南,799,酒鬼酒
湖南,300358,楚天科技
湖南,2549,凯美特气
湖南,3000,劲仔食品
湖南,603517,绝味食品
湖南,2505,鹏都农牧
湖南,2412,汉森制药
湖南,590,启迪药业
湖南,600127,金健米业
湖南,2650,加加食品
湖南,601577,长沙银行
湖南,600390,五矿资本
湖南,300515,三德科技
湖南,989,九 芝 堂
湖南,2661,克明食品
湖南,2852,道道全
湖南,301126,达嘉维康
湖南,688100,威胜信息
湖南,300267,尔康制药
湖南,600479,千金药业
湖南,504,南华生物
湖南,688189,南新制药
湖南,300338,ST开元
湖南,603998,方盛制药
湖南,300298,三诺生物
湖南,301087,可孚医疗
湖南,548,湖南投资
湖南,300672,国科微
湖南,2843,泰嘉股份
湖南,688187,时代电气
湖南,300268,*ST佳沃
湖南,872351,华光源海
湖南,300866,安克创新
湖南,688289,圣湘生物
湖南,300800,力合科技
湖南,300015,爱尔眼科
湖南,300474,景嘉微
湖南,600975,新五丰
湖南,601098,中南传媒
湖南,300433,蓝思科技
湖南,300705,九典制药
湖南,300413,芒果超媒
湖南,2982,湘佳股份
湖南,2567,唐人神
湖南,688799,华纳药厂
湖南,600458,时代新材
湖南,2125,湘潭电化
湖南,157,中联重科
湖南,2903,宇环数控
湖南,600599,ST熊猫
湖南,301109,军信股份
湖南,519,中兵红箭
湖南,603989,艾华集团
湖南,1218,丽臣实业
湖南,688779,长远锂科
湖南,600969,郴电国际
湖南,600963,岳阳林纸
湖南,600744,华银电力
湖南,2277,友阿股份
湖南,2113,*ST天润
湖南,702,正虹科技
湖南,428,华天酒店
湖南,688152,麒麟信安
湖南,998,隆平高科
湖南,301358,湖南裕能
湖南,2096,易普力
湖南,600478,科力远
湖南,917,电广传媒
湖南,819,岳阳兴长
湖南,300730,科创信息
湖南,688425,铁建重工
湖南,622,恒立实业
湖南,835174,五新隧装
湖南,722,湖南发展
湖南,871634,新威凌
湖南,300123,亚光科技
湖南,601636,旗滨集团
湖南,301259,艾布鲁
湖南,300530,领湃科技
湖南,301118,恒光股份
湖南,688598,金博股份
湖南,603353,和顺石油
湖南,301232,飞沃科技
湖南,900,现代投资
湖南,2986,宇新股份
湖南,688433,华曙高科
湖南,600929,雪天盐业
湖南,2554,惠博普
湖南,603959,百利科技
湖南,1216,华瓷股份
湖南,301079,邵阳液压
湖南,688157,松井股份
湖南,932,华菱钢铁
湖南,2523,天桥起重
湖南,838030,德众汽车
湖南,600476,湘邮科技
湖南,2397,梦洁股份
湖南,603319,湘油泵
湖南,2155,湖南黄金
湖南,300726,宏达电子
湖南,430,张家界
湖南,2716,金贵银业
湖南,300187,永清环保
湖南,688523,航天环宇
湖南,300209,ST有棵树
湖南,600156,华升股份
湖南,300345,华民股份
湖南,600416,湘电股份
湖南,300035,中科电气
湖南,300490,华自科技
湖南,2943,宇晶股份
湖南,300665,飞鹿股份
湖南,300700,岱勒新材
湖南,600698,湖南天雁
湖南,2297,博云新材
湖南,688067,爱威科技
湖南,2452,长高电新
湖南,2848,高斯贝尔
湖南,2892,科力尔
湖南,2913,奥士康
湖南,419,通程控股
湖南,600731,湖南海利
湖南,2097,山河智能
湖南,300148,天舟文化
湖南,2261,拓维信息
湖南,600961,株冶集团
湖南,688059,华锐精密
湖南,688480,赛恩斯
湖南,1208,华菱线缆
湖南,833751,惠同新材
湖南,688308,欧科亿
湖南,2847,盐津铺子
湖南,300592,华凯易佰
湖南,2879,长缆科技
湖南,2533,金杯电工
黑龙江,600095,湘财股份
黑龙江,2437,誉衡药业
黑龙江,2698,博实股份
黑龙江,2900,哈三联
黑龙江,600864,哈投股份
黑龙江,600664,哈药股份
黑龙江,2737,葵花药业
黑龙江,600705,中航产融
黑龙江,711,*ST京蓝
黑龙江,301227,森鹰窗业
黑龙江,600829,人民同泰
黑龙江,600371,万向德农
黑龙江,600811,东方集团
黑龙江,600726,华电能源
黑龙江,603567,珍宝岛
黑龙江,600179,安通控股
黑龙江,600598,北大荒
黑龙江,600038,中直股份
黑龙江,688459,哈铁科技
黑龙江,600666,ST瑞德
黑龙江,600289,ST信通
黑龙江,300040,九洲集团
黑龙江,601106,中国一重
黑龙江,600182,S佳通
黑龙江,605577,龙版传媒
黑龙江,901,航天科技
黑龙江,600356,恒丰纸业
黑龙江,600187,国中水务
黑龙江,301371,C敷尔佳
黑龙江,601011,宝泰隆
黑龙江,300489,光智科技
黑龙江,601188,龙江交通
黑龙江,600853,龙建股份
黑龙江,922,佳电股份
黑龙江,600202,哈空调
黑龙江,603023,威帝股份
黑龙江,688011,新光光电
黑龙江,300900,广联航空
黑龙江,985,大庆华科
黑龙江,600178,东安动力
吉林,300510,金冠股份
吉林,766,通化金马
吉林,831726,朱老六
吉林,2316,亚联发展
吉林,686,东北证券
吉林,600365,ST通葡
吉林,3029,吉大正元
吉林,301130,西点药业
吉林,688276,百克生物
吉林,2622,皓宸医疗
吉林,600881,亚泰集团
吉林,603559,ST通脉
吉林,638,万方发展
吉林,2566,益盛药业
吉林,623,吉林敖东
吉林,718,苏宁环球
吉林,600867,通化东宝
吉林,601929,吉视传媒
吉林,661,长春高新
吉林,300108,*ST吉药
吉林,600333,长春燃气
吉林,2338,奥普光电
吉林,300396,迪瑞医疗
吉林,600215,派斯林
吉林,603099,长白山
吉林,928,中钢国际
吉林,600360,华微电子
吉林,2118,*ST紫鑫
吉林,875,吉电股份
吉林,800,一汽解放
吉林,600189,泉阳泉
吉林,600697,欧亚集团
吉林,545,金浦钛业
吉林,601518,吉林高速
吉林,669,ST金鸿
吉林,300985,致远新能
吉林,300597,吉大通信
吉林,600110,诺德股份
吉林,600742,一汽富维
吉林,836077,吉林碳谷
吉林,546,ST金圆
吉林,2501,利源股份
吉林,688378,奥来德
吉林,30,富奥股份
吉林,420,吉林化纤
吉林,600148,长春一东
吉林,2232,启明信息
吉林,300923,研奥股份
吉林,601279,英利汽车
江苏,301518,N长华
江苏,300169,天晟新材
江苏,301386,未来电器
江苏,601456,国联证券
江苏,603828,柯利达
江苏,2610,爱康科技
江苏,688046,药康生物
江苏,600280,中央商场
江苏,603125,常青科技
江苏,2349,精华制药
江苏,301106,骏成科技
江苏,601555,东吴证券
江苏,688137,近岸蛋白
江苏,2262,恩华药业
江苏,871396,常辅股份
江苏,688516,奥特维
江苏,603985,恒润股份
江苏,688097,博众精工
江苏,603259,药明康德
江苏,301116,益客食品
江苏,300751,迈为股份
江苏,300842,帝科股份
江苏,300757,罗博特科
江苏,301030,仕净科技
江苏,301076,新瀚新材
江苏,601155,新城控股
江苏,301505,苏州规划
江苏,688503,聚和材料
江苏,603707,健友股份
江苏,688496,清越科技
江苏,603351,威尔药业
江苏,688390,固德威
江苏,836422,润普食品
江苏,518,四环生物
江苏,603185,弘元绿能
江苏,1236,弘业期货
江苏,605300,佳禾食品
江苏,833533,骏创科技
江苏,601688,华泰证券
江苏,301229,纽泰格
江苏,839371,欧福蛋业
江苏,601990,南京证券
江苏,603906,龙蟠科技
江苏,300725,药石科技
江苏,301287,康力源
江苏,688429,时创能源
江苏,688408,中信博
江苏,688258,卓易信息
江苏,301266,宇邦新材
江苏,830946,森萱医药
江苏,688399,硕世生物
江苏,600200,江苏吴中
江苏,600533,栖霞建设
江苏,2787,华源控股
江苏,688588,凌志软件
江苏,961,中南建设
江苏,688147,微导纳米
江苏,300279,和晶科技
江苏,688472,阿特斯
江苏,2550,千红制药
江苏,301220,亚香股份
江苏,301260,格力博
江苏,688052,纳芯微
江苏,688533,上声电子
江苏,688678,福立旺
江苏,688478,晶升股份
江苏,603629,利通电子
江苏,600716,凤凰股份
江苏,300450,先导智能
江苏,600901,江苏金租
江苏,2245,蔚蓝锂芯
江苏,2223,鱼跃医疗
江苏,603387,基蛋生物
江苏,600919,江苏银行
江苏,301258,富士莱
江苏,2435,长江健康
江苏,301168,通灵股份
江苏,688690,纳微科技
江苏,300982,苏文电能
江苏,300952,恒辉安防
江苏,688226,威腾电气
江苏,300827,上能电气
江苏,301393,昊帆生物
江苏,2839,张家港行
江苏,301290,东星医疗
江苏,603283,赛腾股份
江苏,688536,思瑞浦
江苏,688076,诺泰生物
江苏,919,金陵药业
江苏,600406,国电南瑞
江苏,603212,赛伍技术
江苏,603323,苏农银行
江苏,600557,康缘药业
江苏,688426,康为世纪
江苏,2966,苏州银行
江苏,601128,常熟银行
江苏,600908,无锡银行
江苏,688259,创耀科技
江苏,301012,扬电科技
江苏,300261,雅本化学
江苏,688656,浩欧博
江苏,688060,云涌科技
江苏,301360,荣旗科技
江苏,600305,恒顺醋业
江苏,600713,南京医药
江苏,2623,亚玛顿
江苏,1234,泰慕士
江苏,600287,江苏舜天
江苏,833509,同惠电子
江苏,600513,联环药业
江苏,300664,鹏鹞环保
江苏,301278,快可电子
江苏,839167,同享科技
江苏,2807,江阴银行
江苏,688631,莱斯信息
江苏,300959,线上线下
江苏,603097,江苏华辰
江苏,2409,雅克科技
江苏,600527,江南高纤
江苏,301101,明月镜片
江苏,301,东方盛虹
江苏,600300,维维股份
江苏,688116,天奈科技
江苏,2514,宝馨科技
江苏,600389,江山股份
江苏,601512,中新集团
江苏,2304,洋河股份
江苏,600481,双良节能
江苏,300584,海辰药业
江苏,600510,黑牡丹
江苏,688300,联瑞新材
江苏,600064,南京高科
江苏,525,ST红太阳
江苏,688353,华盛锂电
江苏,601009,南京银行
江苏,603115,海星股份
江苏,603688,石英股份
江苏,2531,天顺风能
江苏,2172,澳洋健康
江苏,688531,日联科技
江苏,688105,诺唯赞
江苏,601133,柏诚股份
江苏,300936,中英科技
江苏,688001,华兴源创
江苏,688221,前沿生物-U
江苏,2747,埃斯顿
江苏,2044,美年健康
江苏,688192,迪哲医药-U
江苏,600736,苏州高新
江苏,301310,鑫宏业
江苏,600770,综艺股份
江苏,603369,今世缘
江苏,688599,天合光能
江苏,603879,永悦科技
江苏,688539,高华科技
江苏,603137,恒尚节能
江苏,605376,博迁新材
江苏,300753,爱朋医疗
江苏,300029,ST天龙
江苏,688113,联测科技
江苏,601952,苏垦农发
江苏,301155,海力风电
江苏,300393,中来股份
江苏,300292,吴通控股
江苏,839790,联迪信息
江苏,688205,德科立
江苏,2150,通润装备
江苏,835305,云创数据
江苏,688329,艾隆科技
江苏,603776,永安行
江苏,2104,恒宝股份
江苏,688355,明志科技
江苏,2453,华软科技
江苏,600220,江苏阳光
江苏,688106,金宏气体
江苏,2387,维信诺
江苏,600970,中材国际
江苏,300933,中辰股份
江苏,603313,梦百合
江苏,836720,吉冈精密
江苏,605099,共创草坪
江苏,2221,东华能源
江苏,603990,麦迪科技
江苏,301045,天禄科技
江苏,601928,凤凰传媒
江苏,300708,聚灿光电
江苏,600282,南钢股份
江苏,832735,德源药业
江苏,601218,吉鑫科技
江苏,2309,ST中利
江苏,688260,昀冢科技
江苏,603890,春秋电子
江苏,1324,长青科技
江苏,873339,恒太照明
江苏,301122,采纳股份
江苏,688700,东威科技
江苏,688633,星球石墨
江苏,603880,ST南卫
江苏,603486,科沃斯
江苏,301058,中粮科工
江苏,603519,立霸股份
江苏,600327,大东方
江苏,2081,金 螳 螂
江苏,688337,普源精电
江苏,2413,雷科防务
江苏,301210,金杨股份
江苏,35,中国天楹
江苏,870436,大地电气
江苏,872392,佳合科技
江苏,600486,扬农化工
江苏,688295,中复神鹰
江苏,300809,华辰装备
江苏,2478,常宝股份
江苏,600268,国电南自
江苏,2608,江苏国信
江苏,300709,精研科技
江苏,2455,百川股份
江苏,2530,金财互联
江苏,600377,宁沪高速
江苏,688375,国博电子
江苏,600475,华光环能
江苏,688488,艾迪药业
江苏,688273,麦澜德
江苏,2080,中材科技
江苏,688017,绿的谐波
江苏,603017,中衡设计
江苏,837006,晟楠科技
江苏,301023,江南奕帆
江苏,301179,泽宇智能
江苏,601100,恒立液压
江苏,600562,国睿科技
江苏,688508,芯朋微
江苏,688103,国力股份
江苏,834014,特瑞斯
江苏,832278,鹿得医疗
江苏,831834,三维股份
江苏,605183,确成股份
江苏,603136,天目湖
江苏,601860,紫金银行
江苏,601700,风范股份
江苏,600959,江苏有线
江苏,600844,丹化科技
江苏,600501,航天晨光
江苏,600400,红豆股份
江苏,301238,瑞泰新材
江苏,301078,孩子王
江苏,300555,ST路通
江苏,300217,东方电热
江苏,2652,扬子新材
江苏,2547,春兴精工
江苏,2496,辉丰股份
江苏,2438,江苏神通
江苏,2091,江苏国泰
江苏,2075,沙钢股份
江苏,910,大亚圣象
江苏,300856,科思股份
江苏,600276,恒瑞医药
江苏,2182,云海金属
江苏,603163,圣晖集成
江苏,1332,锡装股份
江苏,834950,迅安科技
江苏,300864,南大环境
江苏,300575,中旗股份
江苏,300390,天华新能
江苏,601890,亚星锚链
江苏,2947,恒铭达
江苏,300623,捷捷微电
江苏,688502,茂莱光学
江苏,603968,醋化股份
江苏,603358,华达科技
江苏,688601,力芯微
江苏,300777,中简科技
江苏,605133,嵘泰股份
江苏,600667,太极实业
江苏,2391,长青股份
江苏,600746,江苏索普
江苏,2040,南 京 港
江苏,777,中核科技
江苏,688166,博瑞医药
江苏,600925,苏能股份
江苏,688176,亚虹医药-U
江苏,738,航发控制
江苏,688186,广大特材
江苏,688266,泽璟制药-U
江苏,605286,同力日升
江苏,605123,派克新材
江苏,836699,海达尔
江苏,603299,苏盐井神
江苏,300260,新莱应材
江苏,300806,斯迪克
江苏,301093,华兰股份
江苏,300970,华绿生物
江苏,601008,连云港
江苏,831641,格利尔
江苏,603507,振江股份
江苏,871245,威博液压
江苏,2165,红 宝 丽
江苏,300190,维尔利
江苏,870299,灿能电力
江苏,688698,伟创电气
江苏,836149,旭杰科技
江苏,300201,海伦哲
江苏,603188,亚邦股份
江苏,2692,ST远程
江苏,300670,大烨智能
江苏,603090,宏盛股份
江苏,301090,华润材料
江苏,603016,新宏泰
江苏,603916,苏博特
江苏,871642,通易航天
江苏,2722,物产金轮
江苏,301006,迈拓股份
江苏,2201,正威新材
江苏,816,智慧农业
江苏,603722,阿科力
江苏,600981,汇鸿集团
江苏,832802,保丽洁
江苏,300385,雪浪环境
江苏,300631,久吾高科
江苏,300761,立华股份
江苏,300141,和顺电气
江苏,300907,康平科技
江苏,301186,超达装备
江苏,688566,吉贝尔
江苏,300160,秀强股份
江苏,600584,长电科技
江苏,603829,洛凯股份
江苏,688030,山石网科
江苏,603065,宿迁联盛
江苏,601010,文峰股份
江苏,600370,三房巷
江苏,603355,莱克电气
江苏,603078,江化微
江苏,2546,新联电子
江苏,603179,新泉股份
江苏,601222,林洋能源
江苏,301088,戎美股份
江苏,603585,苏利股份
江苏,688257,新锐股份
江苏,2079,苏州固锝
江苏,688211,中科微至
江苏,1205,盛航股份
江苏,603206,嘉环科技
江苏,688022,瀚川智能
江苏,603912,佳力图
江苏,3032,传智教育
江苏,833914,远航精密
江苏,430418,苏轴股份
江苏,581,威孚高科
江苏,2293,罗莱生活
江苏,300354,东华测试
江苏,2484,江海股份
江苏,2645,华宏科技
江苏,603066,音飞储存
江苏,688055,龙腾光电
江苏,2796,世嘉科技
江苏,603699,纽威股份
江苏,605258,协和电子
江苏,603929,亚翔集成
江苏,2127,南极电商
江苏,2998,优彩资源
江苏,600775,南京熊猫
江苏,600487,亨通光电
江苏,300873,海晨股份
江苏,3015,日久光电
江苏,603201,常润股份
江苏,300537,广信材料
江苏,603876,鼎胜新材
江苏,2866,传艺科技
江苏,603052,可川科技
江苏,600854,春兰股份
江苏,603326,我乐家居
江苏,601199,江南水务
江苏,873593,鼎智科技
江苏,601975,招商南油
江苏,688711,宏微科技
江苏,688670,金迪克
江苏,603366,日出东方
江苏,601388,怡球资源
江苏,300320,海达股份
江苏,300617,安靠智电
江苏,2564,*ST天沃
江苏,603018,华设集团
江苏,688170,德龙激光
江苏,300382,斯莱克
江苏,300373,扬杰科技
江苏,603339,四方科技
江苏,603389,亚振家居
江苏,603693,江苏新能
江苏,688350,富淼科技
江苏,300196,长海股份
江苏,836221,易实精密
江苏,301010,晶雪节能
江苏,2883,中设股份
江苏,603900,莱绅通灵
江苏,600250,南纺股份
江苏,600710,苏美达
江苏,688689,银河微电
江苏,300215,电科院
江苏,603155,新亚强
江苏,603028,赛福天
江苏,300240,飞力达
江苏,603269,海鸥股份
江苏,832089,禾昌聚合
江苏,2367,康力电梯
江苏,2635,安洁科技
江苏,603042,华脉科技
江苏,688450,光格科技
江苏,300466,赛摩智能
江苏,2002,鸿达兴业
江苏,2156,通富微电
江苏,603111,康尼机电
江苏,300172,中电环保
江苏,300651,金陵体育
江苏,2516,旷达科技
江苏,605111,新洁能
江苏,688013,天臣医疗
江苏,603530,神马电力
江苏,2808,ST恒久
江苏,301272,英华特
江苏,688685,迈信林
江苏,603666,亿嘉和
江苏,300964,本川智能
江苏,300265,通光线缆
江苏,2255,海陆重工
江苏,603819,神力股份
江苏,2315,焦点科技
江苏,300337,银邦股份
江苏,603528,多伦科技
江苏,605167,利柏特
江苏,605218,伟时电子
江苏,688381,帝奥微
江苏,421,南京公用
江苏,936,华西股份
江苏,301063,海锅股份
江苏,300641,正丹股份
江苏,2333,罗普斯金
江苏,300031,宝通科技
江苏,603878,武进不锈
江苏,2802,洪汇新材
江苏,837046,亿能电力
江苏,603183,建研院
江苏,300228,富瑞特装
江苏,301163,宏德股份
江苏,603922,金鸿顺
江苏,300447,全信股份
江苏,600794,保税科技
江苏,603955,大千生态
江苏,603626,科森科技
江苏,301061,匠心家居
江苏,688178,万德斯
江苏,688558,国盛智科
江苏,2274,华昌化工
江苏,600682,南京新百
江苏,300660,江苏雷利
江苏,600805,悦达投资
江苏,603291,联合水务
江苏,300342,天银机电
江苏,688371,菲沃泰
江苏,301226,祥明智能
江苏,300782,卓胜微
江苏,603660,苏州科达
江苏,603489,八方股份
江苏,300416,苏试试验
江苏,300721,怡达股份
江苏,870204,沪江材料
江苏,688096,京源环保
江苏,688607,康众医疗
江苏,301187,欧圣电气
江苏,626,远大控股
江苏,300905,宝丽迪
江苏,688697,纽威数控
江苏,605333,沪光股份
江苏,2015,协鑫能科
江苏,688231,隆达股份
江苏,300554,三超新材
江苏,300402,宝色股份
江苏,832662,方盛股份
江苏,600889,南京化纤
江苏,2160,常铝股份
江苏,425,徐工机械
江苏,605389,长龄液压
江苏,570,苏常柴Ａ
江苏,300600,国瑞科技
江苏,2009,天奇股份
江苏,2778,中晟高科
江苏,688069,德林海
江苏,301040,中环海陆
江苏,300284,苏交科
江苏,688580,伟思医疗
江苏,301115,建科股份
江苏,301215,中汽股份
江苏,300715,凯伦股份
江苏,2380,科远智慧
江苏,688286,敏芯股份
江苏,603380,易德龙
江苏,2483,润邦股份
江苏,2394,联发股份
江苏,301180,万祥科技
江苏,300655,晶瑞电材
江苏,603655,朗博科技
江苏,688377,迪威尔
江苏,300618,寒锐钴业
江苏,2540,亚太科技
江苏,2576,通达动力
江苏,301003,江苏博云
江苏,601500,通用股份
江苏,300881,盛德鑫泰
江苏,605058,澳弘电子
江苏,2384,东山精密
江苏,2239,奥特佳
江苏,603915,国茂股份
江苏,603117,ST万林
江苏,300507,苏奥传感
江苏,600128,苏豪弘业
江苏,2877,智能自控
江苏,603035,常熟汽饰
江苏,603680,今创集团
江苏,838262,太湖雪
江苏,301285,鸿日达
江苏,600398,海澜之家
江苏,688029,南微医学
江苏,300128,锦富技术
江苏,603982,泉峰汽车
江苏,2734,利民股份
江苏,3043,华亚智能
江苏,2976,瑞玛精密
江苏,688003,天准科技
江苏,603416,信捷电气
江苏,688661,和林微纳
江苏,300580,贝斯特
江苏,551,创元科技
江苏,300522,世名科技
江苏,300339,润和软件
江苏,603036,如通股份
江苏,2559,亚威股份
江苏,1373,翔腾新材
江苏,2445,中南文化
江苏,300346,南大光电
江苏,300680,隆盛科技
江苏,688048,长光华芯
江苏,688510,航亚科技
江苏,600078,ST澄星
江苏,603133,*ST碳元
江苏,300500,启迪设计
江苏,2090,金智科技
江苏,300742,*ST越博
江苏,601007,金陵饭店
江苏,2519,银河电子
江苏,2553,南方精工
江苏,688800,瑞可达
江苏,600083,博信股份
江苏,603161,科华控股
江苏,605288,凯迪股份
江苏,688376,美埃科技
江苏,871694,中裕科技
江苏,603928,兴业股份
江苏,2685,华东重机
江苏,300610,晨化股份
江苏,603359,东珠生态
江苏,603013,亚普股份
江苏,837663,明阳科技
江苏,603059,倍加洁
江苏,688262,国芯科技
江苏,301036,双乐股份
江苏,603221,爱丽家居
江苏,603041,美思德
江苏,603958,哈森股份
江苏,688218,江苏北人
江苏,300528,幸福蓝海
江苏,603286,日盈电子
江苏,681,视觉中国
江苏,2491,通鼎互联
江苏,301098,金埔园林
江苏,300798,锦鸡股份
江苏,603332,苏州龙杰
江苏,301195,北路智控
江苏,605588,冠石科技
江苏,301026,浩通科技
江苏,603007,ST花王
江苏,300509,新美星
江苏,603787,新日股份
江苏,688515,裕太微-U
江苏,688232,新点软件
江苏,600862,中航高科
江苏,603988,中电电机
江苏,700,模塑科技
江苏,301339,通行宝
江苏,727,冠捷科技
江苏,300931,通用电梯
江苏,300598,诚迈科技
江苏,603005,晶方科技
江苏,605089,味知香
江苏,603810,丰山集团
江苏,600213,亚星客车
江苏,603966,法兰泰克
江苏,2513,蓝丰生化
江苏,300926,博俊科技
江苏,300305,裕兴股份
江苏,301016,雷尔伟
江苏,300549,优德精密
江苏,300331,苏大维格
江苏,300585,奥联电子
江苏,688182,灿勤科技
江苏,2708,光洋股份
江苏,300295,三六五网
江苏,300927,江天化学
江苏,603203,快克智能
江苏,301160,翔楼新材
江苏,300258,精锻科技
江苏,301170,锡南科技
江苏,300836,佰奥智能
江苏,300563,神宇股份
江苏,2024,ST易购
江苏,688225,亚信安全
江苏,2631,德尔未来
江苏,2585,双星新材
江苏,688535,华海诚科
江苏,835857,百甲科技
江苏,300211,亿通科技
江苏,300192,科德教育
江苏,688386,泛亚微透
江苏,688261,东微半导
江苏,301125,腾亚精工
江苏,603488,展鹏科技
江苏,603307,扬州金泉
江苏,301202,朗威股份
江苏,301389,隆扬电子
江苏,300421,力星股份
江苏,603518,锦泓集团
江苏,600099,林海股份
江苏,300644,南京聚隆
江苏,688358,祥生医疗
江苏,600522,中天科技
江苏,2077,大港股份
江苏,300420,五洋停车
江苏,300975,商络电子
江苏,300717,华信新材
江苏,300682,朗新科技
江苏,2395,双象股份
江苏,300135,宝利国际
江苏,300855,图南股份
江苏,301072,中捷精工
江苏,2463,沪电股份
江苏,603158,腾龙股份
江苏,301181,标榜股份
江苏,300165,天瑞仪器
江苏,300694,蠡湖股份
江苏,300912,凯龙高科
江苏,300819,聚杰微纤
江苏,301137,哈焊华通
江苏,301329,信音电子
江苏,300304,云意电气
江苏,2290,禾盛新材
江苏,605319,无锡振华
江苏,300091,金通灵
江苏,584,ST工智
江苏,605298,必得科技
江苏,300707,威唐工业
江苏,300885,海昌新材
江苏,301378,通达海
江苏,300394,天孚通信
江苏,688448,磁谷科技
江苏,300697,电工合金
江苏,688093,世华科技
江苏,2089,*ST新海
江苏,2426,胜利精密
江苏,603937,丽岛新材
江苏,603800,道森股份
江苏,600973,宝胜股份
江苏,601799,星宇股份
江苏,300826,测绘股份
江苏,300429,强力新材
江苏,2471,中超控股
江苏,600105,永鼎股份
江苏,890,法尔胜
江西,300399,天利科技
江西,2670,国盛金控
江西,301190,善水科技
江西,1318,阳光乳业
江西,300497,富祥药业
江西,2695,煌上煌
江西,600750,江中药业
江西,600053,九鼎投资
江西,300636,同和药业
江西,650,仁和药业
江西,2529,海源复材
江西,688223,晶科能源
江西,600337,美克家居
江西,300294,博雅生物
江西,300787,海能实业
江西,831,中国稀土
江西,301446,福事特
江西,829,天音控股
江西,603398,沐邦高科
江西,300256,ST星星
江西,300453,三鑫医疗
江西,600358,国旅联合
江西,688057,金达莱
江西,873167,新赣江
江西,301132,满坤科技
江西,601778,晶科科技
江西,605188,国光连锁
江西,605399,晨光新材
江西,600269,赣粤高速
江西,990,诚志股份
江西,789,万年青
江西,600316,洪都航空
江西,688560,明冠新材
江西,2991,甘源食品
江西,600782,新钢股份
江西,600397,安源煤业
江西,300986,志特新材
江西,300722,新余国科
江西,2760,凤形股份
江西,603977,国泰集团
江西,2343,慈文传媒
江西,600228,返利科技
江西,600461,洪城环境
江西,603235,天新药业
江西,2460,赣锋锂业
江西,601065,江盐集团
江西,2176,江特电机
江西,833427,华维设计
江西,1366,播恩集团
江西,688543,国科军工
江西,820,神雾节能
江西,600561,江西长运
江西,605090,九丰能源
江西,899,赣能股份
江西,300066,三川智慧
江西,605366,宏柏新材
江西,404,长虹华意
江西,1223,欧克科技
江西,300095,华伍股份
江西,550,江铃汽车
江西,301176,逸豪新材
江西,300472,新元科技
江西,600373,中文传媒
江西,1360,南矿集团
江西,600590,泰豪科技
江西,600362,江西铜业
江西,301219,腾远钴业
江西,600507,方大特钢
江西,839719,宁新新材
江西,300748,金力永磁
江西,301383,天键股份
江西,688786,悦安新材
江西,600071,凤凰光学
江西,2068,黑猫股份
江西,600363,联创光电
江西,688567,孚能科技
江西,2378,章源钨业
江西,301083,百胜智能
江西,2748,世龙实业
江西,2036,联创电子
江西,300818,耐普矿机
江西,603773,沃格光电
江西,2157,*ST 正邦
江西,2591,恒大高新
江西,300906,日月明
辽宁,301509,N金凯
辽宁,836826,盖世食品
辽宁,600653,申华控股
辽宁,603396,金辰股份
辽宁,600303,ST曙光
辽宁,818,航锦科技
辽宁,688267,中触媒
辽宁,692,*ST惠天
辽宁,600719,大连热电
辽宁,835368,连城数控
辽宁,597,东北制药
辽宁,301349,信德新材
辽宁,809,铁岭新城
辽宁,301103,何氏眼科
辽宁,600233,圆通速递
辽宁,679,大连友谊
辽宁,600739,辽宁成大
辽宁,688529,豪森股份
辽宁,2487,大金重工
辽宁,603866,桃李面包
辽宁,600167,联美控股
辽宁,603255,鼎际得
辽宁,603609,禾丰股份
辽宁,2069,獐子岛
辽宁,688305,科德数控
辽宁,600694,大商股份
辽宁,600346,恒力石化
辽宁,600125,铁龙物流
辽宁,601880,辽港股份
辽宁,600306,*ST商城
辽宁,2354,天娱数科
辽宁,600396,*ST金山
辽宁,688739,成大生物
辽宁,600399,抚顺特钢
辽宁,2667,威领股份
辽宁,600795,国电电力
辽宁,881,中广核技
辽宁,2204,大连重工
辽宁,600609,金杯汽车
辽宁,300082,奥克股份
辽宁,600593,大连圣亚
辽宁,2606,大连电瓷
辽宁,600718,东软集团
辽宁,688409,富创精密
辽宁,603318,水发燃气
辽宁,600715,文投控股
辽宁,600231,凌钢股份
辽宁,300290,荣科科技
辽宁,2231,奥维通信
辽宁,616,*ST海投
辽宁,838810,春光药装
辽宁,2952,亚世光电
辽宁,2621,美吉姆
辽宁,833455,汇隆活塞
辽宁,59,华锦股份
辽宁,600190,锦州港
辽宁,839792,东和新材
辽宁,600758,辽宁能源
辽宁,600297,广汇汽车
辽宁,761,本钢板材
辽宁,600241,时代万恒
辽宁,898,鞍钢股份
辽宁,300573,兴齐眼药
辽宁,300125,聆达股份
辽宁,300758,七彩化学
辽宁,301100,风光股份
辽宁,688037,芯源微
辽宁,603360,百傲化学
辽宁,2731,萃华珠宝
辽宁,603399,吉翔股份
辽宁,300097,智云股份
辽宁,698,沈阳化工
辽宁,2689,远大智能
辽宁,601999,出版传媒
辽宁,603315,福鞍股份
辽宁,300405,科隆股份
辽宁,410,沈阳机床
辽宁,300210,森远股份
辽宁,688233,神工股份
辽宁,300293,蓝英装备
辽宁,300473,德尔股份
辽宁,300024,机器人
辽宁,715,中兴商业
辽宁,688072,拓荆科技
辽宁,751,锌业股份
辽宁,301007,德迈仕
辽宁,530,冰山冷热
辽宁,2123,梦网科技
内蒙古,300239,东宝生物
内蒙古,600191,华资实业
内蒙古,300049,福瑞股份
内蒙古,600201,生物股份
内蒙古,601216,君正集团
内蒙古,600887,伊利股份
内蒙古,600277,亿利洁能
内蒙古,600010,包钢股份
内蒙古,2688,金河生物
内蒙古,836433,大唐药业
内蒙古,600863,内蒙华电
内蒙古,300355,蒙草生态
内蒙古,600111,北方稀土
内蒙古,600328,中盐化工
内蒙古,975,银泰黄金
内蒙古,600967,内蒙一机
内蒙古,2128,电投能源
内蒙古,1203,大中矿业
内蒙古,600295,鄂尔多斯
内蒙古,603230,内蒙新华
内蒙古,600988,赤峰黄金
内蒙古,683,远兴能源
内蒙古,600262,北方股份
内蒙古,426,兴业银锡
内蒙古,1269,欧晶科技
宁夏,871478,巨能股份
宁夏,300967,晓鸣股份
宁夏,601619,嘉泽新能
宁夏,600785,新华百货
宁夏,862,银星能源
宁夏,600449,宁夏建材
宁夏,982,中银绒业
宁夏,831010,凯添燃气
宁夏,2457,青龙管业
宁夏,815,美利云
宁夏,600989,宝丰能源
宁夏,595,宝塔实业
宁夏,557,西部创业
宁夏,635,英 力 特
宁夏,600165,宁科生物
宁夏,962,东方钽业
青海,600381,青海春天
青海,2646,天佑德酒
青海,600117,*ST西钢
青海,792,盐湖股份
青海,408,藏格矿业
青海,600243,青海华鼎
青海,603843,正平股份
青海,601168,西部矿业
青海,600869,远东股份
青海,600714,金瑞矿业
上海,300892,品渥食品
上海,600613,神奇制药
上海,600621,华鑫股份
上海,688293,奥浦迈
上海,300915,海融科技
上海,603918,金桥信息
上海,600851,海欣股份
上海,600530,*ST交昂
上海,688247,宣泰医药
上海,300059,东方财富
上海,688238,和元生物
上海,830799,艾融软件
上海,301228,实朴检测
上海,600748,上实发展
上海,301230,泓博医药
上海,688131,皓元医药
上海,600605,汇通能源
上海,688372,伟测科技
上海,688202,美迪西
上海,600837,海通证券
上海,300380,安硕信息
上海,2324,普利特
上海,688382,益方生物-U
上海,600958,东方证券
上海,601696,中银证券
上海,688680,海优新材
上海,688062,迈威生物-U
上海,600643,爱建集团
上海,601702,华峰铝业
上海,300762,上海瀚讯
上海,688179,阿拉丁
上海,601601,中国太保
上海,601788,光大证券
上海,603899,晨光股份
上海,600649,城投控股
上海,301060,兰卫医学
上海,300642,透景生命
上海,603122,合富中国
上海,600833,第一医药
上海,688107,安路科技
上海,688265,南模生物
上海,601519,大智慧
上海,600061,国投资本
上海,2252,上海莱士
上海,603868,飞科电器
上海,600827,XD百联股
上海,600196,复星医药
上海,301315,威士顿
上海,300171,东富龙
上海,601211,国泰君安
上海,603057,紫燕食品
上海,600882,妙可蓝多
上海,300061,旗天科技
上海,603777,来伊份
上海,600608,ST沪科
上海,300039,上海凯宝
上海,300511,雪榕生物
上海,688180,君实生物-U
上海,603565,中谷物流
上海,603108,润达医疗
上海,2568,百润股份
上海,688336,三生国健
上海,603886,元祖股份
上海,600601,方正科技
上海,605339,南侨食品
上海,300326,凯利泰
上海,600616,金枫酒业
上海,688392,骄成超声
上海,301166,优宁维
上海,605289,罗曼股份
上海,688391,钜泉科技
上海,600622,光大嘉宝
上海,601607,上海医药
上海,603501,韦尔股份
上海,600692,亚通股份
上海,688118,普元信息
上海,600097,开创国际
上海,601825,沪农商行
上海,688505,复旦张江
上海,688085,三友医疗
上海,605338,巴比食品
上海,688602,康鹏科技
上海,688766,普冉股份
上海,600597,光明乳业
上海,2028,思源电气
上海,603718,海利生物
上海,600606,绿地控股
上海,301024,霍普股份
上海,600272,开开实业
上海,601229,上海银行
上海,600741,华域汽车
上海,603330,天洋新材
上海,688596,正帆科技
上海,688373,盟科药业-U
上海,600094,大名城
上海,688160,步科股份
上海,688317,之江生物
上海,605398,新炬网络
上海,688018,乐鑫科技
上海,600000,浦发银行
上海,301257,普蕊斯
上海,600517,国网英大
上海,688121,卓然股份
上海,600663,陆家嘴
上海,688798,艾为电子
上海,600420,国药现代
上海,688012,中微公司
上海,300286,安科瑞
上海,600655,豫园股份
上海,300613,富瀚微
上海,601328,交通银行
上海,833346,威贸电子
上海,831305,海希通讯
上海,600624,复旦复华
上海,603170,宝立食品
上海,600638,新黄浦
上海,2211,宏达新材
上海,688082,盛美上海
上海,300253,卫宁健康
上海,300999,金龙鱼
上海,600708,光明地产
上海,300508,维宏股份
上海,300129,泰胜风能
上海,688213,思特威-W
上海,600648,外高桥
上海,600115,中国东航
上海,600836,上海易连
上海,2022,科华生物
上海,600019,宝钢股份
上海,600611,大众交通
上海,600639,浦东金桥
上海,300226,上海钢联
上海,601231,环旭电子
上海,688008,澜起科技
上海,603650,彤程新材
上海,600073,上海梅林
上海,300153,科泰电源
上海,688212,澳华内镜
上海,603659,璞泰来
上海,688507,索辰科技
上海,600642,申能股份
上海,603580,艾艾精工
上海,600732,爱旭股份
上海,688435,英方软件
上海,603466,风语筑
上海,600009,上海机场
上海,601828,美凯龙
上海,600210,紫江企业
上海,688538,和辉光电-U
上海,600835,上海机电
上海,688682,霍莱沃
上海,600604,市北高新
上海,600850,电科数字
上海,600834,申通地铁
上海,2506,协鑫集成
上海,600662,外服控股
上海,603020,爱普股份
上海,600688,上海石化
上海,600848,上海临港
上海,872541,铁大科技
上海,688335,复洁环保
上海,688063,派能科技
上海,688366,昊海生科
上海,301046,能辉科技
上海,600629,华建集团
上海,688163,赛伦生物
上海,688098,申联生物
上海,600816,ST建元
上海,603956,威派格
上海,601611,中国核建
上海,2162,悦心健康
上海,600618,氯碱化工
上海,300327,中颖电子
上海,600021,上海电力
上海,600623,华谊集团
上海,603192,汇得科技
上海,603232,格尔软件
上海,300245,天玑科技
上海,600641,万业企业
上海,688217,睿昂基因
上海,430139,华岭股份
上海,688193,仁度生物
上海,300501,海顺新材
上海,2401,中远海科
上海,600754,锦江酒店
上海,688660,电气风电
上海,688133,泰坦科技
上海,603881,数据港
上海,603681,永冠新材
上海,603030,*ST全筑
上海,601866,中远海发
上海,601156,东航物流
上海,600826,兰生股份
上海,600675,中华企业
上海,600637,东方明珠
上海,600635,大众公用
上海,600278,东方创业
上海,600151,航天机电
上海,600081,东风科技
上海,600072,中船科技
上海,2636,金安国纪
上海,2486,嘉麟杰
上海,600696,岩石股份
上海,600315,上海家化
上海,688188,柏楚电子
上海,600620,天宸股份
上海,300483,首华燃气
上海,605136,丽人丽妆
上海,600640,国脉文化
上海,605222,起帆电缆
上海,600171,上海贝岭
上海,603214,爱婴室
上海,2116,中国海诚
上海,605098,行动教育
上海,688608,恒玄科技
上海,600018,上港集团
上海,300008,天海防务
上海,603236,移远通信
上海,600661,昂立教育
上海,603189,网达软件
上海,301156,美农生物
上海,600824,益民集团
上海,603895,天永智能
上海,300378,鼎捷软件
上海,2178,延华智能
上海,2527,新时达
上海,300168,万达信息
上海,601200,上海环境
上海,600503,华丽家族
上海,2158,汉钟精机
上海,688271,联影医疗
上海,600820,隧道股份
上海,603003,龙宇股份
上海,688220,翱捷科技-U
上海,600170,上海建工
上海,688019,安集科技
上海,600845,宝信软件
上海,603855,华荣股份
上海,600026,中远海能
上海,300590,移为通信
上海,603256,宏和科技
上海,600628,新世界
上海,688479,友车科技
上海,600104,上汽集团
上海,300222,科大智能
上海,603365,水星家纺
上海,600846,同济科技
上海,601727,上海电气
上海,603068,博通集成
上海,600825,新华传媒
上海,688484,南芯科技
上海,2706,良信股份
上海,836414,欧普泰
上海,605050,福然德
上海,600679,上海凤凰
上海,603131,上海沪工
上海,603683,晶华新材
上海,863,三湘印象
上海,600508,上海能源
上海,600650,锦江在线
上海,605186,健麾信息
上海,600320,振华重工
上海,605598,上海港湾
上海,603587,地素时尚
上海,600651,飞乐音响
上海,688099,晶晨股份
上海,603324,盛剑环境
上海,300469,信息发展
上海,603690,至纯科技
上海,688230,芯导科技
上海,601616,广电电气
上海,603633,徕木股份
上海,600150,中国船舶
上海,600636,国新文化
上海,1266,宏英智能
上海,2184,海得控制
上海,603128,华贸物流
上海,2195,二三四五
上海,605128,上海沿浦
上海,688330,宏力达
上海,2858,力盛体育
上海,600823,ST世茂
上海,301062,上海艾录
上海,2278,神开股份
上海,603378,亚士创能
上海,601968,宝钢包装
上海,603197,保隆科技
上海,2669,康达新材
上海,2561,徐家汇
上海,300802,矩子科技
上海,300017,网宿科技
上海,603987,康德莱
上海,301419,阿莱德
上海,688129,东来技术
上海,300180,华峰超纤
上海,603329,上海雅仕
上海,301025,读客文化
上海,600619,海立股份
上海,600626,申达股份
上海,2328,新朋股份
上海,300230,永利股份
上海,603713,密尔克卫
上海,603790,雅运股份
上海,688158,优刻得-W
上海,600838,上海九百
上海,688370,丛麟科技
上海,831961,创远信科
上海,688155,先惠技术
上海,603200,上海洗霸
上海,600284,浦东建设
上海,300398,飞凯材料
上海,688368,晶丰明源
上海,688123,聚辰股份
上海,600818,中路股份
上海,600676,交运股份
上海,600647,*ST同达
上海,300272,开能健康
上海,2565,顺灏股份
上海,603619,中曼石油
上海,603022,新通联
上海,600841,动力新科
上海,600602,云赛智联
上海,601872,招商轮船
上海,300442,润泽科技
上海,600819,耀皮玻璃
上海,300493,润欣科技
上海,300067,安诺其
上海,688126,沪硅产业
上海,603648,畅联股份
上海,603006,联明股份
上海,605081,太和水
上海,603196,日播时尚
上海,600193,创兴资源
上海,300236,上海新阳
上海,688301,奕瑞科技
上海,2825,纳尔股份
上海,300257,开山股份
上海,601595,上海电影
上海,600630,龙头股份
上海,600612,老凤祥
上海,600500,中化国际
上海,603499,翔港科技
上海,600119,长江投资
上海,2346,柘中股份
上海,688590,新致软件
上海,300899,上海凯鑫
上海,300074,华平股份
上海,301070,开勒股份
上海,300983,尤安设计
上海,301099,雅创电子
上海,300963,中洲特材
上海,603083,剑桥科技
上海,601021,春秋航空
上海,603121,华培动力
上海,603887,城地香江
上海,603037,凯众股份
上海,603682,锦和商管
上海,301000,肇民科技
上海,603885,吉祥航空
上海,688071,华依科技
上海,603012,创力集团
上海,300947,德必集团
上海,603730,岱美股份
上海,600822,上海物贸
上海,300225,金力泰
上海,2605,姚记科技
上海,600490,鹏欣资源
上海,301303,真兰仪表
上海,603153,上海建科
上海,300578,会畅通讯
上海,603159,上海亚虹
上海,603056,德邦股份
上海,603960,克来机电
上海,605151,西上海
上海,605208,永茂泰
上海,301005,超捷股份
上海,688593,新相微
上海,603579,荣泰健康
上海,603009,北特科技
上海,301001,凯淳股份
上海,2269,美邦服饰
上海,688031,星环科技-U
上海,301151,冠龙节能
上海,300262,巴安水务
上海,688585,上纬新材
上海,603226,菲林格尔
上海,688110,东芯股份
上海,300627,华测导航
上海,600895,张江高科
上海,688016,心脉医疗
上海,300126,锐奇股份
上海,300609,汇纳科技
上海,301289,国缆检测
上海,301273,瑞晨环保
上海,603515,欧普照明
上海,600843,上工申贝
上海,300170,汉得信息
上海,600088,中视传媒
上海,300462,华铭智能
上海,603729,龙韵股份
上海,603496,恒为科技
上海,688718,唯赛勃
上海,603728,鸣志电器
上海,2454,松芝股份
上海,688206,概伦电子
上海,688521,芯原股份
上海,2451,摩恩电气
上海,603211,晋拓股份
上海,301499,维科精密
上海,688385,复旦微电
上海,688065,凯赛生物
上海,301161,唯万密封
上海,2058,威尔泰
上海,688351,微电生理-U
上海,688091,上海谊众
上海,688519,南亚新材
上海,603786,科博达
上海,300551,古鳌科技
上海,603039,泛微网络
上海,600689,上海三毛
上海,430300,辰光医疗
上海,688061,灿瑞科技
上海,688073,毕得医药
上海,301037,保立佳
上海,688578,艾力斯
四川,600109,国金证券
四川,688222,成都先导
四川,600438,通威股份
四川,2926,华西证券
四川,300434,金石亚药
四川,688506,百利天恒-U
四川,2497,雅化集团
四川,600702,舍得酒业
四川,301172,君逸数码
四川,300937,药易购
四川,300841,康华生物
四川,300820,英杰电气
四川,600674,川投能源
四川,710,贝瑞基因
四川,300463,迈克生物
四川,603027,千禾味业
四川,688629,华丰科技
四川,2268,电科网安
四川,2773,康弘药业
四川,790,华神科技
四川,688553,汇宇制药-W
四川,601208,东材科技
四川,301515,港通医疗
四川,2946,新乳业
四川,603317,天味食品
四川,2422,科伦药业
四川,600039,四川路桥
四川,509,华塑控股
四川,688311,盟升电子
四川,832566,梓橦宫
四川,688053,思科瑞
四川,600828,茂业商业
四川,688,国城矿业
四川,2240,盛新锂能
四川,2466,天齐锂业
四川,300249,依米康
四川,2777,久远银海
四川,601107,四川成渝
四川,301286,侨源股份
四川,603477,巨星农牧
四川,593,德龙汇能
四川,601838,成都银行
四川,2258,利尔化学
四川,858,五 粮 液
四川,876,新 希 望
四川,601399,国机重装
四川,688297,中无人机
四川,300092,科新机电
四川,2628,成都路桥
四川,300127,银河磁体
四川,628,高新发展
四川,833230,欧康医药
四川,836675,秉扬科技
四川,688319,欧林生物
四川,155,川能动力
四川,568,泸州老窖
四川,300425,中建环能
四川,2386,天原股份
四川,600603,广汇物流
四川,688070,纵横股份
四川,300440,运达科技
四川,688117,圣诺生物
四川,600101,明星电力
四川,2023,海特高新
四川,300101,振芯科技
四川,600391,航发科技
四川,301239,普瑞眼科
四川,300019,硅宝科技
四川,600779,水井坊
四川,688696,极米科技
四川,603077,和邦生物
四川,600644,乐山电力
四川,600505,西昌电力
四川,629,钒钛股份
四川,836239,长虹能源
四川,300540,蜀道装备
四川,688636,智明达
四川,598,兴蓉环境
四川,603053,成都燃气
四川,300432,富临精工
四川,2935,天奥电子
四川,935,四川双马
四川,600392,盛和资源
四川,731,四川美丰
四川,2798,帝欧家居
四川,600378,昊华科技
四川,300492,华图山鼎
四川,301117,佳缘科技
四川,300789,唐源电气
四川,600793,宜宾纸业
四川,603261,立航科技
四川,600678,四川金顶
四川,600875,东方电气
四川,2951,ST金时
四川,600880,博瑞传播
四川,603327,福蓉科技
四川,688513,苑东生物
四川,430425,乐创技术
四川,912,泸天化
四川,833781,瑞奇智造
四川,2697,红旗连锁
四川,688283,坤恒顺维
四川,300414,中光防雷
四川,757,浩物股份
四川,2253,川大智胜
四川,301336,趣睡科技
四川,300504,天邑股份
四川,600558,大西洋
四川,888,峨眉山Ａ
四川,1288,运机集团
四川,2539,云图控股
四川,870199,倍益康
四川,2366,融发核电
四川,2246,北化股份
四川,300780,德恩精工
四川,833943,优机股份
四川,300696,爱乐达
四川,2190,成飞集成
四川,300733,西菱动力
四川,600979,广安爱众
四川,601811,新华文轩
四川,600131,国网信通
四川,2312,川发龙蟒
四川,688302,海创药业-U
四川,300471,厚普股份
四川,836260,中寰股份
四川,801,四川九洲
四川,300678,中科信息
四川,803,山高环能
四川,2272,川润股份
四川,600353,旭光电子
四川,300535,达威股份
四川,600839,四川长虹
四川,603333,尚纬股份
四川,2977,天箭科技
四川,2651,利君股份
四川,688511,天微电子
四川,2978,安宁股份
四川,3023,彩虹集团
四川,2749,国光股份
四川,2259,ST升达
四川,300467,迅游科技
四川,600321,正源股份
四川,2818,富森美
四川,688737,中自科技
四川,300470,中密控股
四川,300022,吉峰科技
四川,2357,富临运业
四川,300547,川环科技
四川,301256,华融化学
四川,300370,安控科技
四川,301213,观想科技
四川,300865,大宏立
四川,586,汇源通信
四川,300366,创意信息
四川,300502,新易盛
四川,603679,华体科技
四川,1337,四川黄金
四川,300987,川网传媒
四川,2480,新筑股份
四川,810,创维数字
四川,600331,宏达股份
四川,300559,佳发教育
四川,600137,浪莎股份
四川,603809,豪能股份
四川,688528,秦川物联
四川,301233,盛帮股份
四川,510,新金路
四川,2630,华西能源
四川,301050,雷电微力
四川,603759,海天股份
四川,688776,国光电气
山东,300583,赛托生物
山东,603536,惠发食品
山东,301022,海泰科
山东,2581,未名医药
山东,300779,惠城环保
山东,301299,卓创资讯
山东,756,新华制药
山东,2655,共达电声
山东,301281,科源制药
山东,600918,中泰证券
山东,301017,漱玉平民
山东,832419,路斯股份
山东,2330,得利斯
山东,600766,*ST园城
山东,1219,青岛食品
山东,2589,瑞康医药
山东,639,西王食品
山东,603755,日辰股份
山东,688556,高测股份
山东,603858,步长制药
山东,2958,青农商行
山东,2793,罗欣药业
山东,300110,华仁药业
山东,600467,好当家
山东,688002,睿创微纳
山东,2481,双塔食品
山东,605016,百龙创园
山东,600223,福瑞达
山东,603182,嘉华股份
山东,688136,科兴制药
山东,688677,海泰新光
山东,2107,沃华医药
山东,2726,龙大美食
山东,300391,长药控股
山东,600027,华电国际
山东,603151,邦基科技
山东,600789,鲁抗医药
山东,423,东阿阿胶
山东,600022,山东钢铁
山东,301158,德石股份
山东,600600,青岛啤酒
山东,977,浪潮信息
山东,2948,青岛银行
山东,300423,昇辉科技
山东,2241,歌尔股份
山东,605198,安德利
山东,601058,赛轮轮胎
山东,603029,天鹅股份
山东,688139,海尔生物
山东,603026,胜华新材
山东,2891,中宠股份
山东,2382,蓝帆医疗
山东,605567,春雪食品
山东,2746,仙坛股份
山东,668,荣丰控股
山东,688035,德邦科技
山东,300233,金城医药
山东,603367,辰欣药业
山东,301292,海科新源
山东,2353,杰瑞股份
山东,300677,英科医疗
山东,300143,盈康生命
山东,601665,齐鲁银行
山东,2117,东港股份
山东,498,山东路桥
山东,2374,中锐股份
山东,2286,保龄宝
山东,603113,金能科技
山东,301185,鸥玛软件
山东,2805,丰元股份
山东,300175,朗源股份
山东,688161,威高骨科
山东,301188,力诺特玻
山东,600219,南山铝业
山东,688501,青达环保
山东,603102,百合股份
山东,600426,华鲁恒升
山东,603278,大业股份
山东,300285,国瓷材料
山东,600529,山东药玻
山东,869,张 裕Ａ
山东,600690,海尔智家
山东,600783,鲁信创投
山东,301015,百洋医药
山东,2376,新北洋
山东,300821,东岳硅材
山东,605287,德才股份
山东,600955,维远股份
山东,2485,*ST雪发
山东,688663,新风光
山东,300653,正海生物
山东,430476,海能技术
山东,2234,民和股份
山东,837212,智新电子
山东,600777,新潮能源
山东,2838,道恩股份
山东,300801,泰和科技
山东,2323,雅博股份
山东,2270,华明装备
山东,600727,鲁北化工
山东,603279,景津装备
山东,688363,华熙生物
山东,831195,三祥科技
山东,300569,天能重工
山东,2094,青岛金王
山东,831304,迪尔化工
山东,2379,宏创控股
山东,2083,孚日股份
山东,300950,德固特
山东,488,晨鸣纸业
山东,2041,登海种业
山东,2984,森麒麟
山东,601366,利群股份
山东,301206,三元生物
山东,600180,瑞茂通
山东,601298,青岛港
山东,600784,鲁银投资
山东,2675,东诚药业
山东,2088,鲁阳节能
山东,872190,雷神科技
山东,1300,三柏硕
山东,1207,联科科技
山东,872953,国子软件
山东,605006,山东玻纤
山东,603223,恒通股份
山东,600858,银座股份
山东,600336,澳柯玛
山东,600308,华泰股份
山东,600076,康欣新材
山东,600017,日照港
山东,2469,三维化学
山东,2408,齐翔腾达
山东,2283,天润工业
山东,726,鲁 泰Ａ
山东,720,新能泰山
山东,677,恒天海龙
山东,503,国新健康
山东,688190,云路股份
山东,600188,兖矿能源
山东,2871,伟隆股份
山东,688087,英科再生
山东,832651,天罡股份
山东,300993,玉马遮阳
山东,300121,阳谷华泰
山东,682,东方电子
山东,300830,金现代
山东,430510,丰光精密
山东,831689,克莱特
山东,830839,万通液压
山东,2073,软控股份
山东,300918,南山智尚
山东,603086,先达股份
山东,2458,益生股份
山东,603739,蔚蓝生物
山东,600966,博汇纸业
山东,600350,山东高速
山东,915,华特达因
山东,300443,金雷股份
山东,2476,宝莫股份
山东,603638,艾迪精密
山东,837242,建邦科技
山东,601019,山东出版
山东,301296,新巨丰
山东,600586,金晶科技
山东,605100,华丰股份
山东,600756,浪潮软件
山东,600760,中航沈飞
山东,407,胜利股份
山东,2545,东方铁塔
山东,688234,天岳先进
山东,655,金岭矿业
山东,830,鲁西化工
山东,603708,家家悦
山东,300105,龙源技术
山东,338,潍柴动力
山东,603779,威龙股份
山东,2237,恒邦股份
山东,688579,山大地纬
山东,600212,绿能慧充
山东,600547,山东黄金
山东,3022,联泓新科
山东,300343,联创股份
山东,603217,元利科技
山东,2242,九阳股份
山东,3042,中农联合
山东,301456,盘古智能
山东,2768,国恩股份
山东,603167,渤海轮渡
山东,600309,万华化学
山东,688557,兰剑智能
山东,822,山东海化
山东,603967,中创物流
山东,2470,金正大
山东,688309,恒誉环保
山东,2595,豪迈科技
山东,416,*ST民控
山东,830832,齐鲁华信
山东,2521,齐峰新材
山东,300594,朗进科技
山东,600804,ST鹏博士
山东,300099,精准信息
山东,605589,圣泉集团
山东,600229,城市传媒
山东,300699,光威复材
山东,600960,渤海汽车
山东,1331,胜通能源
山东,600060,海信视像
山东,2537,海联金汇
山东,603612,索通发展
山东,601678,滨化股份
山东,2111,威海广泰
山东,2363,隆基机械
山东,688455,科捷智能
山东,301149,隆华新材
山东,837092,汉鑫科技
山东,601028,玉龙股份
山东,680,山推股份
山东,2086,*ST东洋
山东,2580,圣阳股份
山东,838171,邦德股份
山东,301035,润丰股份
山东,2339,积成电子
山东,600579,克劳斯
山东,2248,华东数控
山东,300479,神思电子
山东,2078,太阳纸业
山东,880,潍柴重机
山东,301439,泓淋电力
山东,300183,东软载波
山东,811,冰轮环境
山东,600448,华纺股份
山东,300996,普联软件
山东,603639,海利尔
山东,2810,山东赫达
山东,835670,数字人
山东,600319,亚星化学
山东,300224,正海磁材
山东,600735,新华锦
山东,300786,国林科技
山东,603421,鼎信通讯
山东,301337,亚华电子
山东,2899,英派斯
山东,603577,汇金通
山东,603856,东宏股份
山东,300001,特锐德
山东,2490,山东墨龙
山东,2526,山东矿机
山东,300214,日科化学
山东,2193,如意集团
山东,300848,美瑞新材
山东,300659,中孚信息
山东,301199,迈赫股份
山东,600898,ST美讯
山东,2026,山东威达
山东,554,泰山石油
山东,603836,海程邦达
山东,300690,双一科技
山东,300948,冠中生态
山东,834261,一诺威
山东,300654,世纪天鸿
山东,601163,三角轮胎
山东,833394,民士达
山东,603190,亚通精工
山东,300208,青岛中程
山东,603021,山东华鹏
山东,300185,通裕重工
山东,951,中国重汽
山东,2598,山东章鼓
山东,600587,新华医疗
山东,2890,弘宇股份
山东,603586,金麒麟
山东,957,中通客车
山东,3033,征和工业
山东,2921,联诚精密
山东,831278,泰德股份
山东,601966,玲珑轮胎
山东,301320,豪江智能
山东,1260,坤泰股份
山东,300243,瑞丰高材
山东,603187,海容冷链
山东,603798,康普顿
山东,600807,济南高新
山东,2498,汉缆股份
山东,300237,美晨生态
山东,301020,密封科技
山东,688191,智洋创新
山东,2588,史丹利
山东,688681,科汇股份
山东,599,青岛双星
山东,409,云鼎科技
山东,300308,中际旭创
山东,2643,万润股份
山东,300840,酷特智能
山东,688331,荣昌生物
山东,2254,泰和新材
山东,506,中润资源
山东,605001,威奥股份
山东,301069,凯盛新材
山东,2671,龙泉股份
山东,688021,奥福环保
山东,2355,兴民智通
山东,300321,同大股份
山东,301209,联合化学
山东,301262,海看股份
山西,300158,振东制药
山西,2500,山西证券
山西,300069,金利华电
山西,300254,仟源医药
山西,600234,科新发展
山西,600771,广誉远
山西,600809,山西汾酒
山西,600351,亚宝药业
山西,403,派林生物
山西,767,晋控电力
山西,871970,大禹生物
山西,603112,华翔股份
山西,825,太钢不锈
山西,600281,华阳新材
山西,601699,潞安环能
山西,601006,大秦铁路
山西,600780,通宝能源
山西,600546,山煤国际
山西,600123,兰花科创
山西,2360,同德化工
山西,755,山西路桥
山西,601001,晋控煤业
山西,968,蓝焰控股
山西,831832,科达自控
山西,600740,山西焦化
山西,983,山西焦煤
山西,600408,安泰集团
山西,600617,国新能源
山西,600157,永泰能源
山西,600539,狮头股份
山西,600348,华阳股份
山西,600169,太原重工
山西,300486,东杰智能
山西,600691,阳煤化工
山西,723,美锦能源
山西,737,北方铜业
山西,2640,跨境通
山西,600495,晋西车轴
山西,832982,锦波生物
山西,3002,壶化股份
山西,2753,永东股份
陕西,601012,隆基绿能
陕西,721,西安饮食
陕西,688333,铂力特
陕西,2673,西部证券
陕西,301031,中熔电气
陕西,600928,西安银行
陕西,563,陕国投Ａ
陕西,300861,美畅股份
陕西,2864,盘龙药业
陕西,2109,兴化股份
陕西,600080,金花股份
陕西,300140,中环装备
陕西,600706,曲江文旅
陕西,601369,陕鼓动力
陕西,601225,陕西煤业
陕西,768,中航西飞
陕西,610,西安旅游
陕西,600707,彩虹股份
陕西,688314,康拓医疗
陕西,600248,陕建股份
陕西,601568,北元集团
陕西,688150,莱特光电
陕西,600343,航天动力
陕西,516,国际医学
陕西,301306,西测测试
陕西,688281,华秦科技
陕西,300775,三角防务
陕西,603139,康惠制药
陕西,600893,航发动力
陕西,834599,同力股份
陕西,601179,中国西电
陕西,600831,广电网络
陕西,600665,天地源
陕西,600379,宝光股份
陕西,1286,陕西能源
陕西,688269,凯立新材
陕西,561,烽火电子
陕西,3009,中天火箭
陕西,600217,中再资环
陕西,601015,陕西黑猫
陕西,2267,陕天然气
陕西,1299,美能能源
陕西,300397,天和防务
陕西,430564,天润科技
陕西,2799,环球印务
陕西,300581,晨曦航空
陕西,688101,三达膜
陕西,1231,农心科技
陕西,835640,富士达
陕西,697,*ST炼石
陕西,688550,瑞联新材
陕西,601958,金钼股份
陕西,812,陕西金叶
陕西,688167,炬光科技
陕西,688102,斯瑞新材
陕西,688285,高铁电气
陕西,600456,宝钛股份
陕西,300164,通源石油
陕西,300103,达刚控股
陕西,837,秦川机床
陕西,301231,荣信文化
陕西,605168,三人行
陕西,564,ST大集
陕西,600984,建设机械
陕西,600455,博通股份
陕西,688334,西高院
陕西,301357,北方长龙
陕西,301171,易点天下
陕西,300487,蓝晓科技
陕西,2149,西部材料
陕西,605033,美邦股份
陕西,300114,中航电测
陕西,600302,标准股份
陕西,300831,派瑞股份
陕西,688498,源杰科技
陕西,300116,保力新
陕西,873576,天力复合
陕西,688122,西部超导
天津,2821,凯莱英
天津,2820,桂发祥
天津,600322,天房发展
天津,688041,海光信息
天津,688153,唯捷创芯
天津,600645,中源协和
天津,600329,达仁堂
天津,603727,博迈科
天津,2432,九安医疗
天津,965,天保基建
天津,603106,恒银科技
天津,600535,天士力
天津,2129,TCL中环
天津,2393,力生制药
天津,688120,华海清科
天津,300026,红日药业
天津,601686,友发集团
天津,897,津滨发展
天津,695,滨海能源
天津,603529,爱玛科技
天津,600821,金开新能
天津,300875,捷强装备
天津,600082,海泰发展
天津,927,中国铁物
天津,688185,康希诺
天津,600717,天津港
天津,600488,津药药业
天津,603019,中科曙光
天津,1965,招商公路
天津,300119,瑞普生物
天津,600583,海油工程
天津,600468,百利电气
天津,301102,兆讯传媒
天津,537,广宇发展
天津,652,泰达股份
天津,600874,创业环保
天津,601919,中远海控
天津,600800,渤海化学
天津,1206,依依股份
天津,300596,利安隆
天津,603126,中材节能
天津,688420,美腾科技
天津,603969,银龙股份
天津,688199,久日新材
天津,600787,中储股份
天津,600751,海航科技
天津,601360,三六零
天津,600335,国机汽车
天津,603135,中重科技
天津,2337,赛象科技
天津,600158,中体产业
天津,300407,凯发电气
天津,2887,绿茵生态
天津,601808,中海油服
天津,300334,津膜科技
天津,2134,天津普林
天津,871753,天纺标
天津,603712,七一二
天津,2510,天汽模
天津,603096,新经典
天津,300988,津荣天宇
天津,836,富通信息
天津,300120,经纬辉开
天津,300828,锐新科技
天津,688108,赛诺医疗
天津,600225,卓朗科技
天津,300195,长荣股份
天津,300823,建科机械
天津,831526,凯华材料
天津,300375,鹏翎股份
天津,603061,金海通
新疆,2719,麦趣尔
新疆,300106,西部牧业
新疆,600509,天富能源
新疆,300313,*ST天山
新疆,166,申万宏源
新疆,813,德展健康
新疆,617,中油资本
新疆,600084,中葡股份
新疆,600419,天润乳业
新疆,600089,特变电工
新疆,600197,伊力特
新疆,415,渤海租赁
新疆,301301,川宁生物
新疆,2307,北新路桥
新疆,2524,光正眼科
新疆,972,中基健康
新疆,600721,百花医药
新疆,600581,八一钢铁
新疆,600251,冠农股份
新疆,2100,天康生物
新疆,2202,金风科技
新疆,600545,卓郎智能
新疆,600737,中粮糖业
新疆,2941,新疆交建
新疆,600339,中油工程
新疆,688303,大全能源
新疆,300859,*ST西域
新疆,2800,ST天顺
新疆,2302,西部建设
新疆,600359,新农开发
新疆,877,天山股份
新疆,1258,立新能源
新疆,300603,立昂技术
新疆,633,合金投资
新疆,1330,博纳影业
新疆,600256,广汇能源
新疆,600425,青松建化
新疆,603032,德新科技
新疆,159,国际实业
新疆,600540,新赛股份
新疆,603393,新天然气
新疆,600075,新疆天业
新疆,2092,中泰化学
新疆,2700,ST浩源
新疆,603227,雪峰科技
新疆,2205,国统股份
新疆,2828,贝肯能源
新疆,600888,新疆众和
新疆,601069,西部黄金
新疆,301139,元道通信
新疆,2207,准油股份
新疆,605169,洪通燃气
新疆,603101,汇嘉时代
新疆,600506,统一股份
新疆,603706,东方环宇
新疆,603080,新疆火炬
新疆,300588,熙菱信息
新疆,601121,宝地矿业
新疆,600778,友好集团
新疆,300159,新研股份
西藏,600773,西藏城投
西藏,301075,多瑞医药
西藏,301331,恩威医药
西藏,603669,灵康药业
西藏,2287,奇正藏药
西藏,603676,卫信康
西藏,2653,海思科
西藏,762,西藏矿业
西藏,600211,西藏药业
西藏,300741,华宝股份
西藏,600749,西藏旅游
西藏,300872,天阳科技
西藏,600873,梅花生物
西藏,600326,西藏天路
西藏,300624,万兴科技
西藏,2826,易明医药
西藏,752,*ST西发
西藏,2827,高争民爆
西藏,600338,西藏珠峰
西藏,2945,华林证券
西藏,300564,筑博设计
西藏,601020,华钰矿业
云南,605266,健之佳
云南,600239,云南城投
云南,2727,一心堂
云南,601236,红塔证券
云南,2750,龙津药业
云南,960,锡业股份
云南,601099,太平洋
云南,605296,神农集团
云南,538,云南白药
云南,603963,大理药业
云南,2812,恩捷股份
云南,560,我爱我家
云南,300142,沃森生物
云南,2053,云南能投
云南,2059,云南旅游
云南,300957,贝泰妮
云南,300755,华致酒行
云南,833266,生物谷
云南,600422,昆药集团
云南,600025,华能水电
云南,600995,南网储能
云南,600265,ST景谷
云南,300767,震安科技
云南,2265,建设工业
云南,600096,云天化
云南,2033,丽江股份
云南,600883,博闻科技
云南,300505,川金诺
云南,600459,贵研铂业
云南,600725,云维股份
云南,600792,云煤能源
云南,2428,云南锗业
云南,948,南天信息
云南,878,云南铜业
云南,903,云内动力
云南,2114,罗平锌电
云南,2200,ST交投
云南,600497,驰宏锌锗
云南,807,云铝股份
云南,831152,昆工科技
云南,301311,昆船智能
浙江,600683,京投发展
浙江,301316,慧博云通
浙江,301201,诚达药业
浙江,688005,容百科技
浙江,300898,熊猫乳品
浙江,301218,华是科技
浙江,603456,九洲药业
浙江,688290,景业智能
浙江,300033,同花顺
浙江,601878,浙商证券
浙江,603557,ST起步
浙江,603237,五芳斋
浙江,836270,天铭科技
浙江,605011,杭州热电
浙江,603538,美诺华
浙江,300347,泰格医药
浙江,300401,花园生物
浙江,600059,古越龙山
浙江,1367,海森药业
浙江,2120,韵达股份
浙江,688298,东方生物
浙江,2488,金固股份
浙江,688310,迈得医疗
浙江,301096,百诚医药
浙江,605337,李子园
浙江,2099,海翔药业
浙江,603711,香飘飘
浙江,2332,仙琚制药
浙江,300702,天宇股份
浙江,600267,海正药业
浙江,600226,瀚叶股份
浙江,300025,华星创业
浙江,301388,欣灵电气
浙江,603301,振德医疗
浙江,603811,诚意药业
浙江,605162,新中港
浙江,603388,元成股份
浙江,603605,珀莱雅
浙江,2515,金字火腿
浙江,603168,莎普爱思
浙江,603229,奥翔药业
浙江,605020,永和股份
浙江,601865,福莱特
浙江,603806,福斯特
浙江,600927,永安期货
浙江,601882,海天精工
浙江,600160,巨化股份
浙江,739,普洛药业
浙江,600521,华海药业
浙江,600857,宁波中百
浙江,603520,司太立
浙江,300880,迦南智能
浙江,605179,一鸣食品
浙江,600571,信雅达
浙江,300763,锦浪科技
浙江,300181,佐力药业
浙江,300878,维康药业
浙江,600070,ST富润
浙江,600537,亿晶光电
浙江,603505,金石资源
浙江,300813,泰林生物
浙江,300412,迦南科技
浙江,2142,宁波银行
浙江,600724,宁波富达
浙江,603606,东方电缆
浙江,601579,会稽山
浙江,300587,天铁股份
浙江,2570,贝因美
浙江,300118,东方日升
浙江,603896,寿仙谷
浙江,600671,*ST目药
浙江,603379,三美股份
浙江,2280,联络互动
浙江,2001,新 和 成
浙江,2112,三变科技
浙江,301399,英特科技
浙江,600120,浙江东方
浙江,2124,天邦食品
浙江,300068,南都电源
浙江,688606,奥泰生物
浙江,3030,祖名股份
浙江,301398,星源卓镁
浙江,600982,宁波能源
浙江,300519,新光药业
浙江,1333,光华股份
浙江,301009,可靠股份
浙江,2082,万邦德
浙江,300439,美康生物
浙江,2493,荣盛石化
浙江,603260,合盛硅业
浙江,600570,恒生电子
浙江,601108,财通证券
浙江,2020,京新药业
浙江,603186,华正新材
浙江,601916,浙商银行
浙江,601233,桐昆股份
浙江,705,浙江震元
浙江,600208,新湖中宝
浙江,2703,浙江世宝
浙江,2173,创新医疗
浙江,2043,兔 宝 宝
浙江,600926,杭州银行
浙江,2761,浙江建投
浙江,603130,云中马
浙江,600052,东望时代
浙江,600177,雅戈尔
浙江,300357,我武生物
浙江,605507,国邦医药
浙江,2940,昂利康
浙江,300710,万隆光电
浙江,836395,朗鸿科技
浙江,2552,宝鼎科技
浙江,300673,佩蒂股份
浙江,2370,亚太药业
浙江,600216,浙江医药
浙江,2372,伟星新材
浙江,517,荣安地产
浙江,2444,巨星科技
浙江,980,众泰汽车
浙江,603129,春风动力
浙江,301073,君亭酒店
浙江,300727,润禾材料
浙江,603506,南都物业
浙江,603195,公牛集团
浙江,603079,圣达生物
浙江,688075,安旭生物
浙江,603298,杭叉集团
浙江,600830,香溢融通
浙江,1270,铖昌科技
浙江,600884,杉杉股份
浙江,688348,昱能科技
浙江,301065,本立科技
浙江,2056,横店东磁
浙江,601877,正泰电器
浙江,605336,帅丰电器
浙江,301356,天振股份
浙江,300550,和仁科技
浙江,2758,浙农股份
浙江,603300,华铁应急
浙江,300360,炬华科技
浙江,600352,浙江龙盛
浙江,600491,龙元建设
浙江,2250,联化科技
浙江,2522,浙江众成
浙江,300645,正元智慧
浙江,2344,海宁皮城
浙江,2915,中欣氟材
浙江,603215,比依股份
浙江,601018,宁波港
浙江,906,浙商中拓
浙江,600572,康恩贝
浙江,2602,世纪华通
浙江,300020,银江技术
浙江,300314,戴维医疗
浙江,300772,运达股份
浙江,2860,星帅尔
浙江,688270,臻镭科技
浙江,600763,通策医疗
浙江,2641,公元股份
浙江,301004,嘉益股份
浙江,411,英特集团
浙江,2021,*ST中捷
浙江,300316,晶盛机电
浙江,300943,春晖智控
浙江,603338,浙江鼎力
浙江,2050,三花智控
浙江,603290,斯达半导
浙江,2244,滨江集团
浙江,603611,诺力股份
浙江,605358,立昂微
浙江,600790,轻纺城
浙江,1238,浙江正特
浙江,600126,杭钢股份
浙江,1380,华纬科技
浙江,603687,大胜达
浙江,870508,丰安股份
浙江,2534,西子洁能
浙江,601789,宁波建工
浙江,603272,联翔股份
浙江,600113,浙江东日
浙江,603093,南华期货
浙江,2468,申通快递
浙江,2896,中大力德
浙江,601528,瑞丰银行
浙江,603208,江山欧派
浙江,2756,永兴材料
浙江,600460,士兰微
浙江,301295,美硕科技
浙江,603088,宁波精达
浙江,603076,乐惠国际
浙江,300111,向日葵
浙江,2034,旺能环境
浙江,631,顺发恒业
浙江,603709,中源家居
浙江,605080,浙江自然
浙江,873527,夜光明
浙江,3011,海象新材
浙江,834639,晨光电缆
浙江,603225,新凤鸣
浙江,2133,广宇集团
浙江,600130,波导股份
浙江,2562,兄弟科技
浙江,2061,浙江交科
浙江,301092,争光股份
浙江,2019,亿帆医药
浙江,2326,永太科技
浙江,300994,久祺股份
浙江,601022,宁波远洋
浙江,600387,ST海越
浙江,834770,艾能聚
浙江,603823,百合花
浙江,2569,ST步森
浙江,603001,ST奥康
浙江,600776,东方通信
浙江,300459,汤姆猫
浙江,301345,涛涛车业
浙江,688203,海正生材
浙江,300144,宋城演艺
浙江,831906,舜宇精工
浙江,2135,东南网架
浙江,2427,尤夫股份
浙江,688032,禾迈股份
浙江,2795,永和智控
浙江,603172,万丰股份
浙江,603816,顾家家居
浙江,603908,牧高笛
浙江,2095,生 意 宝
浙江,688039,当虹科技
浙江,2276,万马股份
浙江,603665,康隆达
浙江,300113,顺网科技
浙江,688141,杰华特
浙江,605028,世茂能源
浙江,603282,亚光股份
浙江,688006,杭可科技
浙江,834062,科润智控
浙江,834058,华洋赛车
浙江,605268,王力安防
浙江,603980,吉华集团
浙江,603948,建业股份
浙江,603071,物产环能
浙江,601339,百隆东方
浙江,601113,华鼎股份
浙江,600798,宁波海运
浙江,600668,尖峰集团
浙江,600173,卧龙地产
浙江,430685,新芝生物
浙江,300853,申昊科技
浙江,300796,贝斯美
浙江,300743,天地数码
浙江,300244,迪安诊断
浙江,3041,真爱美家
浙江,2508,老板电器
浙江,2479,富春环保
浙江,2364,中恒电气
浙江,2010,传化智联
浙江,156,华数传媒
浙江,688777,中控技术
浙江,688623,双元科技
浙江,963,华东医药
浙江,688767,博拓生物
浙江,2032,苏 泊 尔
浙江,1222,源飞宠物
浙江,2011,盾安环境
浙江,605580,恒盛能源
浙江,300849,锦盛新材
浙江,600032,浙江新能
浙江,600596,新安股份
浙江,2633,申科股份
浙江,603600,永艺股份
浙江,605166,聚合顺
浙江,301280,珠城科技
浙江,2126,银轮股份
浙江,301066,万事利
浙江,300768,迪普科技
浙江,300512,中亚股份
浙江,300998,宁波方正
浙江,2634,棒杰股份
浙江,600051,宁波联合
浙江,603839,安正时尚
浙江,605007,五洲特纸
浙江,605009,豪悦护理
浙江,2064,华峰化学
浙江,834475,三友科技
浙江,830974,凯大催化
浙江,605077,华康股份
浙江,600580,卧龙电驱
浙江,2563,森马服饰
浙江,838924,广脉科技
浙江,603213,镇洋发展
浙江,603103,横店影视
浙江,603568,伟明环保
浙江,301317,鑫磊股份
浙江,603218,日月股份
浙江,300839,博汇股份
浙江,2062,宏润建设
浙江,2206,海 利 得
浙江,2677,浙江美大
浙江,873169,七丰精工
浙江,301216,万凯新材
浙江,688299,长阳科技
浙江,600704,物产中大
浙江,2375,亚厦股份
浙江,603703,盛洋科技
浙江,603222,济民医疗
浙江,600023,浙能电力
浙江,603700,宁水集团
浙江,301212,联盛化学
浙江,600814,杭州解百
浙江,605138,盛泰集团
浙江,688023,安恒信息
浙江,2266,浙富控股
浙江,688565,力源科技
浙江,600477,杭萧钢构
浙江,600415,小商品城
浙江,688819,天能股份
浙江,300539,横河精密
浙江,2489,浙江永强
浙江,601599,浙文影业
浙江,603095,越剑智能
浙江,600283,钱江水利
浙江,301141,中科磁业
浙江,2617,露笑科技
浙江,301279,金道科技
浙江,2188,中天服务
浙江,2440,闰土股份
浙江,688320,禾川科技
浙江,600797,浙大网新
浙江,603757,大元泵业
浙江,831855,浙江大农
浙江,558,莱茵体育
浙江,300582,英飞特
浙江,603073,彩蝶实业
浙江,2115,三维通信
浙江,603219,富佳股份
浙江,300426,唐德影视
浙江,603602,纵横通信
浙江,605066,天正电气
浙江,603171,税友股份
浙江,873223,荣亿精密
浙江,600512,腾达建设
浙江,603070,万控智造
浙江,600235,民丰特纸
浙江,603311,金海高科
浙江,688469,中芯集成-U
浙江,603010,万盛股份
浙江,300488,恒锋工具
浙江,301335,天元宠物
浙江,2415,海康威视
浙江,600114,东睦股份
浙江,688092,爱科科技
浙江,600330,天通股份
浙江,300558,贝达药业
浙江,600576,祥源文旅
浙江,301193,家联科技
浙江,603033,三维股份
浙江,300894,火星人
浙江,600865,百大集团
浙江,300451,创业慧康
浙江,2322,理工能科
浙江,603216,梦天家居
浙江,2048,宁波华翔
浙江,2648,卫星化学
浙江,603595,东尼电子
浙江,301359,东南电子
浙江,601567,三星医疗
浙江,603637,镇海股份
浙江,832149,利尔达
浙江,688365,光云科技
浙江,688581,安杰思
浙江,2840,华统股份
浙江,603558,健盛集团
浙江,603995,甬金股份
浙江,688079,美迪凯
浙江,605177,东亚药业
浙江,600366,宁波韵升
浙江,300234,开尔新材
浙江,603331,百达精工
浙江,603677,奇精机械
浙江,300766,每日互动
浙江,603181,皇马科技
浙江,300250,初灵信息
浙江,600796,钱江生化
浙江,603726,朗迪集团
浙江,603733,仙鹤股份
浙江,2067,景兴纸业
浙江,3017,大洋生物
浙江,2472,双环传动
浙江,601177,杭齿前进
浙江,688789,宏华数科
浙江,688184,帕瓦股份
浙江,834682,球冠电缆
浙江,2403,爱仕达
浙江,300163,先锋新材
浙江,2224,三 力 士
浙江,2615,哈尔斯
浙江,2119,康强电子
浙江,603610,麒盛科技
浙江,607,华媒控股
浙江,601002,晋亿实业
浙江,301055,张小泉
浙江,603822,嘉澳环保
浙江,301097,天益医疗
浙江,600176,中国巨石
浙江,603917,合力科技
浙江,300571,平治信息
浙江,3025,思进智能
浙江,600768,宁波富邦
浙江,300695,兆丰股份
浙江,300078,思创医惠
浙江,2664,信质集团
浙江,300027,华谊兄弟
浙江,2389,航天彩虹
浙江,603867,新化股份
浙江,300145,中金环境
浙江,603799,华友钴业
浙江,300920,润阳科技
浙江,603901,永创智能
浙江,600232,金鹰股份
浙江,300953,震裕科技
浙江,2263,大东南
浙江,603305,旭升集团
浙江,559,万向钱潮
浙江,601116,三江购物
浙江,300893,松原股份
浙江,601921,浙版传媒
浙江,603008,喜临门
浙江,2624,完美世界
浙江,600152,维科技术
浙江,688127,蓝特光学
浙江,301222,浙江恒威
浙江,300992,泰福泵业
浙江,300837,浙矿股份
浙江,603081,大丰实业
浙江,600699,均胜电子
浙江,2006,精工科技
浙江,300133,华策影视
浙江,605180,华生科技
浙江,300911,亿田智能
浙江,300351,永贵电器
浙江,600526,菲达环保
浙江,300882,万胜智能
浙江,603165,荣晟环保
浙江,300076,GQY视讯
浙江,605500,森林包装
浙江,603320,迪贝电气
浙江,967,盈峰环境
浙江,605377,华旺科技
浙江,2687,乔治白
浙江,301353,普莱得
浙江,2897,意华股份
浙江,2203,海亮股份
浙江,600261,阳光照明
浙江,605255,天普股份
浙江,2637,赞宇科技
浙江,605303,园林股份
浙江,600986,浙文互联
浙江,603661,恒林股份
浙江,603578,三星新材
浙江,300652,雷迪克
浙江,603583,捷昌驱动
浙江,688475,萤石网络
浙江,688571,杭华股份
浙江,603055,台华新材
浙江,3026,中晶科技
浙江,2388,新亚制程
浙江,300901,中胤时尚
浙江,300669,沪宁股份
浙江,300637,扬帆新材
浙江,603889,新澳股份
浙江,603618,杭电股份
浙江,300611,美力科技
浙江,300307,慈星股份
浙江,300266,兴源环境
浙江,1225,和泰机电
浙江,300969,恒帅股份
浙江,300879,大叶股份
浙江,909,ST数源
浙江,688109,品茗科技
浙江,603173,福斯达
浙江,2103,广博股份
浙江,2430,杭氧股份
浙江,300666,江丰电子
浙江,603617,君禾股份
浙江,300703,创源股份
浙江,300698,万马科技
浙江,301095,广立微
浙江,2164,宁波东力
浙江,2574,明牌珠宝
浙江,301052,果麦文化
浙江,600273,嘉化能源
浙江,2381,双箭股份
浙江,603258,电魂网络
浙江,603297,永新光学
浙江,300792,壹网壹创
浙江,300548,博创科技
浙江,2273,水晶光电
浙江,605318,法狮龙
浙江,605555,德昌股份
浙江,603289,泰瑞机器
浙江,300718,长盛轴承
浙江,1336,楚环科技
浙江,603316,诚邦股份
浙江,688130,晶华微
浙江,838227,美登科技
浙江,300566,激智科技
浙江,301019,宁波色母
浙江,605277,新亚电子
浙江,2532,天山铝业
浙江,795,英洛华
浙江,301252,同星科技
浙江,301082,久盛电气
浙江,688701,卓锦股份
浙江,1255,博菲电气
浙江,2003,伟星股份
浙江,605117,德业股份
浙江,2699,*ST美盛
浙江,603040,新坐标
浙江,603085,天成自控
浙江,2318,久立特材
浙江,2214,大立科技
浙江,300863,卡倍亿
浙江,2779,中坚科技
浙江,301198,喜悦智行
浙江,603701,德宏股份
浙江,2247,聚力文化
浙江,300283,温州宏丰
浙江,2012,凯恩股份
浙江,601609,金田股份
浙江,300203,聚光科技
浙江,605018,长华集团
浙江,603105,芯能科技
浙江,838701,豪声电子
浙江,2767,先锋电子
浙江,605003,众望布艺
浙江,605056,咸亨国际
浙江,2942,新农股份
浙江,301068,大地海洋
浙江,301237,和顺科技
浙江,300435,中泰股份
浙江,605055,迎丰股份
浙江,605566,福莱蒽特
浙江,2443,金洲管道
浙江,605158,华达新材
浙江,301053,远信工业
浙江,603949,雪龙集团
浙江,2712,思美传媒
浙江,2725,跃岭股份
浙江,300729,乐歌股份
浙江,603277,银都股份
浙江,2199,东晶电子
浙江,603789,星光农机
浙江,605228,神通科技
浙江,1256,炜冈科技
浙江,605259,绿田机械
浙江,301032,新柴股份
浙江,913,钱江摩托
浙江,300270,中威电子
浙江,603266,天龙股份
浙江,688379,华光新材
浙江,300349,金卡智能
浙江,600987,航民股份
浙江,603767,中马传动
浙江,301448,开创电气
浙江,603788,宁波高发
浙江,603877,太平鸟
浙江,300746,汉嘉设计
浙江,605378,野马电池
浙江,2144,宏达高科
浙江,2686,亿利达
浙江,300329,海伦钢琴
浙江,300897,山科智能
浙江,2434,万里扬
浙江,688306,均普智能
浙江,600633,浙数文化
浙江,2937,兴瑞科技
浙江,688296,和达科技
浙江,1211,双枪科技
浙江,301077,星华新材
浙江,603015,弘讯科技
浙江,605005,合兴股份
浙江,873152,天宏锂电
浙江,605008,长鸿高科
浙江,601689,拓普集团
浙江,2849,威星智能
浙江,301368,丰立智能
浙江,2520,日发精机
浙江,301157,华塑科技
浙江,300945,曼卡龙
浙江,301081,严牌股份
浙江,925,众合科技
浙江,688360,德马科技
浙江,603089,正裕工业
浙江,603178,圣龙股份
浙江,300461,田中精机
浙江,601137,博威合金
浙江,603551,奥普家居
浙江,2730,电光科技
浙江,2931,锋龙股份
浙江,603931,格林达
浙江,300604,长川科技
浙江,603048,浙江黎明
浙江,603657,春光科技
浙江,2863,今飞凯达
浙江,300626,华瑞股份
浙江,301057,汇隆新材
浙江,2131,利欧股份
浙江,300306,远方信息
浙江,2586,*ST围海
浙江,300100,双林股份
浙江,300032,金龙机电
浙江,300984,金沃股份
浙江,2418,康盛股份
浙江,300553,集智股份
浙江,2718,友邦吊顶
浙江,2284,亚太股份
浙江,300478,杭州高新
浙江,2629,仁智股份
浙江,2859,洁美科技
浙江,600933,爱柯迪
浙江,1228,永泰运
浙江,301225,恒勃股份
浙江,603607,京华激光
浙江,605155,西大门
浙江,3036,泰坦股份
浙江,603239,浙江仙通
浙江,603500,祥和实业
浙江,603321,梅轮电梯
浙江,2404,嘉欣丝绸
浙江,605088,冠盛股份
浙江,688255,凯尔达
浙江,300643,万通智控
浙江,603177,德创环保
浙江,605068,明新旭腾
浙江,688611,杭州柯林
浙江,2196,方正电机
浙江,603045,福达合金
浙江,603556,海兴电力
浙江,605369,拱东医疗
浙江,301309,万得凯
浙江,603926,铁流股份
浙江,300795,米奥会展
浙江,603897,长城科技
浙江,1278,一彬科技
浙江,603667,五洲新春
浙江,2801,微光股份
浙江,2632,道明光学
浙江,2085,万丰奥威
浙江,300838,浙江力诺
浙江,603662,柯力传感
浙江,2236,大华股份
浙江,688288,鸿泉物联
浙江,605116,奥锐特
浙江,301056,森赫股份
浙江,603997,继峰股份
浙江,603337,杰克股份
浙江,603685,晨丰科技
浙江,603238,诺邦股份
浙江,301203,国泰环保
浙江,688215,瑞晟智能
浙江,603303,得邦照明
浙江,300930,屹通新材
浙江,300441,鲍斯股份
浙江,2122,汇洲智能
浙江,688577,浙海德曼
浙江,603116,红蜻蜓
浙江,688362,甬矽电子
浙江,688307,中润光学
浙江,300817,双飞股份
浙江,300913,兆龙互连
浙江,688088,虹软科技
浙江,600290,*ST华仪
浙江,301119,正强股份
浙江,605060,联德股份
浙江,300411,金盾股份
浙江,688616,西力科技
浙江,301113,雅艺科技
浙江,301255,通力科技
浙江,2154,报 喜 鸟
浙江,301390,经纬股份
浙江,301008,宏昌科技
浙江,2590,万安科技
浙江,605488,福莱新材
浙江,300649,杭州园林
浙江,603119,C浙荣
