地域名称,公司代码,公司名称
安徽板块,301519,舜禹股份
安徽板块,600318,新力金融
安徽板块,688630,芯碁微装
安徽板块,000728,国元证券
安徽板块,600909,华安证券
安徽板块,688582,芯动联科
安徽板块,688639,华恒生物
安徽板块,300452,山河药辅
安徽板块,300783,三只松鼠
安徽板块,603198,迎驾贡酒
安徽板块,600808,马钢股份
安徽板块,300595,欧普康视
安徽板块,002208,合肥城建
安徽板块,300274,阳光电源
安徽板块,600199,金种子酒
安徽板块,301408,华人健康
安徽板块,002557,洽洽食品
安徽板块,300009,安科生物
安徽板块,002817,黄山胶囊
安徽板块,000850,华茂股份
安徽板块,605108,同庆楼
安徽板块,002074,国轩高科
安徽板块,600567,山鹰国际
安徽板块,002597,金禾实业
安徽板块,000153,丰原药业
安徽板块,300087,荃银高科
安徽板块,002298,中电兴发
安徽板块,688219,会通股份
安徽板块,603589,口子窖
安徽板块,600971,恒源煤电
安徽板块,002230,科大讯飞
安徽板块,002571,德力股份
安徽板块,000521,长虹美菱
安徽板块,603801,志邦家居
安徽板块,000713,丰乐种业
安徽板块,600585,海螺水泥
安徽板块,300956,英力股份
安徽板块,603429,集友股份
安徽板块,300247,融捷健康
安徽板块,000930,中粮科技
安徽板块,688249,晶合集成
安徽板块,000596,古井贡酒
安徽板块,000417,合肥百货
安徽板块,600985,淮北矿业
安徽板块,300088,长信科技
安徽板块,600520,文一科技
安徽板块,600983,惠而浦
安徽板块,002140,东华科技
安徽板块,003027,同兴环保
安徽板块,688551,科威尔
安徽板块,870357,雅葆轩
安徽板块,831856,浩淼科技
安徽板块,688679,通源环境
安徽板块,601606,长城军工
安徽板块,600575,淮河能源
安徽板块,600496,精工钢构
安徽板块,600063,皖维高新
安徽板块,430718,合肥高科
安徽板块,430489,佳先股份
安徽板块,002607,中公教育
安徽板块,002042,华孚时尚
安徽板块,002014,永新股份
安徽板块,603031,安孚科技
安徽板块,600761,安徽合力
安徽板块,002136,安 纳 达
安徽板块,300134,大富科技
安徽板块,002556,辉隆股份
安徽板块,688027,国盾量子
安徽板块,600054,黄山旅游
安徽板块,832000,安徽凤凰
安徽板块,600012,皖通高速
安徽板块,603689,皖天然气
安徽板块,601918,新集能源
安徽板块,002690,美亚光电
安徽板块,601801,皖新传媒
安徽板块,603815,交建股份
安徽板块,430478,峆一药业
安徽板块,603356,华菱精工
安徽板块,300815,玉禾田
安徽板块,600990,四创电子
安徽板块,600502,安徽建工
安徽板块,603199,九华旅游
安徽板块,300577,开润股份
安徽板块,001226,拓山重工
安徽板块,300520,科大国创
安徽板块,000619,海螺新材
安徽板块,300877,金春股份
安徽板块,688610,埃科光电
安徽板块,002743,富煌钢构
安徽板块,300929,华骐环保
安徽板块,600935,华塑股份
安徽板块,002171,楚江新材
安徽板块,603599,广信股份
安徽板块,835892,中科美菱
安徽板块,688733,壹石通
安徽板块,603357,设计总院
安徽板块,300883,龙利得
安徽板块,000630,铜陵有色
安徽板块,001217,华尔泰
安徽板块,301321,翰博高新
安徽板块,688768,容知日新
安徽板块,300388,节能国祯
安徽板块,002538,司尔特
安徽板块,688162,巨一科技
安徽板块,002969,嘉美包装
安徽板块,603527,众源新材
安徽板块,300835,龙磁科技
安徽板块,603308,应流股份
安徽板块,002226,江南化工
安徽板块,001282,三联锻造
安徽板块,688586,江航装备
安徽板块,002057,中钢天源
安徽板块,001230,劲旅环境
安徽板块,688403,汇成股份
安徽板块,603011,合锻智能
安徽板块,600218,全柴动力
安徽板块,301049,超越科技
安徽板块,600237,铜峰电子
安徽板块,688352,颀中科技
安徽板块,600551,时代出版
安徽板块,003038,鑫铂股份
安徽板块,300692,中环环保
安徽板块,002555,三七互娱
安徽板块,002331,皖通科技
安徽板块,688486,龙迅股份
安徽板块,603150,万朗磁塑
安徽板块,688077,大地熊
安徽板块,002541,鸿路钢构
安徽板块,000859,国风新材
安徽板块,688600,皖仪科技
安徽板块,002983,芯瑞达
安徽板块,600444,国机通用
安徽板块,301234,五洲医疗
安徽板块,605189,富春染织
安徽板块,002361,神剑股份
安徽板块,301297,富乐德
安徽板块,300218,安利股份
安徽板块,688419,耐科装备
安徽板块,002005,ST德豪
安徽板块,000543,皖能电力
安徽板块,003020,立方制药
安徽板块,301167,建研设计
安徽板块,301429,森泰股份
安徽板块,603768,常青股份
安徽板块,600375,汉马科技
安徽板块,688251,井松智能
安徽板块,300862,蓝盾光电
安徽板块,871981,晶赛科技
安徽板块,000887,中鼎股份
安徽板块,688367,工大高科
安徽板块,600255,鑫科材料
安徽板块,000868,安凯客车
安徽板块,002347,泰尔股份
安徽板块,301108,洁雅股份
安徽板块,600418,江淮汽车
安徽板块,600552,凯盛科技
安徽板块,300344,立方数科
安徽板块,300886,华业香料
安徽板块,301129,瑞纳智能
安徽板块,688416,恒烁股份
安徽板块,603110,东方材料
安徽板块,001311,多利科技
安徽板块,603656,泰禾智能
安徽板块,002997,瑞鹄模具
安徽板块,603596,伯特利
安徽板块,301217,铜冠铜箔
安徽板块,688165,埃夫特-U
安徽板块,688659,元琛科技
安徽板块,300816,艾可蓝
安徽板块,600470,六国化工
安徽板块,300475,香农芯创
安徽板块,600577,精达股份
北京板块,300803,指南针
北京板块,301333,诺思格
北京板块,601136,首创证券
北京板块,600743,华远地产
北京板块,688621,阳光诺和
北京板块,837592,华信永道
北京板块,300759,康龙化成
北京板块,601059,信达证券
北京板块,000996,*ST中期
北京板块,872808,曙光数创
北京板块,300485,赛升药业
北京板块,688569,铁科轨道
北京板块,601336,新华保险
北京板块,600376,首开股份
北京板块,603590,康辰药业
北京板块,300045,华力创通
北京板块,600511,国药股份
北京板块,601628,中国人寿
北京板块,301208,中亦科技
北京板块,002658,雪迪龙
北京板块,600159,大龙地产
北京板块,688458,美芯晟
北京板块,301080,百普赛斯
北京板块,300662,科锐国际
北京板块,601995,中金公司
北京板块,300958,建工修复
北京板块,000609,中迪投资
北京板块,300406,九强生物
北京板块,600085,同仁堂
北京板块,600859,王府井
北京板块,601066,中信建投
北京板块,600155,华创云信
北京板块,002310,东方园林
北京板块,600161,天坛生物
北京板块,600266,城建发展
北京板块,002893,京能热力
北京板块,601881,中国银河
北京板块,688658,悦康药业
北京板块,603127,昭衍新药
北京板块,300204,舒泰神
北京板块,601319,中国人保
北京板块,300661,圣邦股份
北京板块,300016,北陆药业
北京板块,601985,中国核电
北京板块,000065,北方国际
北京板块,300663,科蓝软件
北京板块,601198,东兴证券
北京板块,301047,义翘神州
北京板块,688047,龙芯中科
北京板块,688066,航天宏图
北京板块,002657,中科金财
北京板块,600657,信达地产
北京板块,688356,键凯科技
北京板块,600056,中国医药
北京板块,600429,三元股份
北京板块,600195,中牧股份
北京板块,300465,高伟达
北京板块,833429,康比特
北京板块,002755,奥赛康
北京板块,002271,东方雨虹
北京板块,301380,挖金客
北京板块,688349,三一重能
北京板块,000798,中水渔业
北京板块,300773,拉卡拉
北京板块,688246,嘉和美康
北京板块,600463,空港股份
北京板块,000666,经纬纺机
北京板块,600791,京能置业
北京板块,300073,当升科技
北京板块,601898,中煤能源
北京板块,600246,万通发展
北京板块,603123,翠微股份
北京板块,688562,航天软件
北京板块,688687,凯因科技
北京板块,000046,*ST泛海
北京板块,688169,石头科技
北京板块,601988,中国银行
北京板块,002462,嘉事堂
北京板块,300318,博晖创新
北京板块,300071,福石控股
北京板块,300825,阿尔特
北京板块,600011,华能国际
北京板块,836208,青矩技术
北京板块,300887,谱尼测试
北京板块,688520,神州细胞-U
北京板块,603613,国联股份
北京板块,601669,中国电建
北京板块,002051,中工国际
北京板块,601588,北辰实业
北京板块,600886,国投电力
北京板块,601288,农业银行
北京板块,300688,创业黑马
北京板块,601169,北京银行
北京板块,601398,工商银行
北京板块,601089,福元医药
北京板块,430047,诺思兰德
北京板块,600405,动力源
北京板块,300289,利德曼
北京板块,300386,飞天诚信
北京板块,688068,热景生物
北京板块,601658,邮储银行
北京板块,600288,大恒科技
北京板块,600016,民生银行
北京板块,688009,中国通号
北京板块,600588,用友网络
北京板块,603087,甘李药业
北京板块,600861,北京人力
北京板块,601818,光大银行
北京板块,601888,中国中免
北京板块,600062,华润双鹤
北京板块,300444,双杰电气
北京板块,301367,怡和嘉业
北京板块,605305,中际联合
北京板块,002987,京北方
北京板块,600015,华夏银行
北京板块,002599,盛通股份
北京板块,601886,江河集团
北京板块,600031,三一重工
北京板块,002038,双鹭药业
北京板块,688485,九州一轨
北京板块,601868,中国能建
北京板块,003007,直真科技
北京板块,600730,中国高科
北京板块,688613,奥精医疗
北京板块,688256,寒武纪-U
北京板块,601186,中国铁建
北京板块,688468,科美诊断
北京板块,000729,燕京啤酒
北京板块,300251,光线传媒
北京板块,600007,中国国贸
北京板块,601998,中信银行
北京板块,601939,建设银行
北京板块,600372,中航电子
北京板块,002186,全 聚 德
北京板块,601668,中国建筑
北京板块,300065,海兰信
北京板块,600313,农发种业
北京板块,600138,中青旅
北京板块,300542,新晨科技
北京板块,603927,中科软
北京板块,601117,中国化学
北京板块,000402,金 融 街
北京板块,000860,顺鑫农业
北京板块,300072,海新能科
北京板块,688111,金山办公
北京板块,300674,宇信科技
北京板块,600206,有研新材
北京板块,603818,曲美家居
北京板块,000725,京东方Ａ
北京板块,002439,启明星辰
北京板块,002279,久其软件
北京板块,002642,荣联科技
北京板块,830879,基康仪器
北京板块,600980,北矿科技
北京板块,002065,东华软件
北京板块,832145,恒合股份
北京板块,002385,大北农
北京板块,300612,宣亚国际
北京板块,601989,中国重工
北京板块,688369,致远互联
北京板块,601992,金隅集团
北京板块,600855,航天长峰
北京板块,300384,三联虹普
北京板块,300896,爱美客
北京板块,601908,京运通
北京板块,600299,安迪苏
北京板块,300075,数字政通
北京板块,601800,中国交建
北京板块,301175,中科环保
北京板块,000931,中 关 村
北京板块,600900,长江电力
北京板块,603616,韩建河山
北京板块,601718,际华集团
北京板块,835508,殷图网联
北京板块,002153,石基信息
北京板块,002985,北摩高科
北京板块,688198,佰仁医疗
北京板块,300430,诚益通
北京板块,600977,中国电影
北京板块,603377,东方时尚
北京板块,002933,新兴装备
北京板块,603392,万泰生物
北京板块,300003,乐普医疗
北京板块,001289,龙源电力
北京板块,601390,中国中铁
北京板块,603825,华扬联众
北京板块,688570,天玛智控
北京板块,601698,中国卫通
北京板块,600271,航天信息
北京板块,603098,森特股份
北京板块,001213,中铁特货
北京板块,833819,颖泰生物
北京板块,601111,中国国航
北京板块,603903,中持股份
北京板块,836263,中航泰达
北京板块,601598,中国外运
北京板块,430017,星昊医药
北京板块,688561,奇安信-U
北京板块,600905,三峡能源
北京板块,600118,中国卫星
北京板块,002371,北方华创
北京板块,300048,合康新能
北京板块,002573,清新环境
北京板块,002148,北纬科技
北京板块,002649,博彦科技
北京板块,688316,青云科技-U
北京板块,688015,交控科技
北京板块,603986,兆易创新
北京板块,603588,高能环境
北京板块,600528,中铁工业
北京板块,688651,盛邦安全
北京板块,300860,锋尚文化
北京板块,605599,菜百股份
北京板块,603516,淳中科技
北京板块,603871,嘉友国际
北京板块,300965,恒宇信通
北京板块,002829,星网宇达
北京板块,871553,凯腾精工
北京板块,835179,凯德石英
北京板块,834021,流金科技
北京板块,601991,大唐发电
北京板块,601816,京沪高铁
北京板块,601766,中国中车
北京板块,601101,昊华能源
北京板块,601016,节能风电
北京板块,600962,国投中鲁
北京板块,600871,石化油服
北京板块,600578,京能电力
北京板块,600100,同方股份
北京板块,600050,中国联通
北京板块,600008,首创环保
北京板块,430090,同辉信息
北京板块,300810,中科海讯
北京板块,300419,浩丰科技
北京板块,300352,北信源
北京板块,300070,碧水源
北京板块,002819,东方中科
北京板块,002542,中化岩土
北京板块,002504,*ST弘高
北京板块,000008,神州高铁
北京板块,688244,永信至诚
北京板块,688722,同益中
北京板块,837344,三元基因
北京板块,688563,航材股份
北京板块,000786,北新建材
北京板块,601088,中国神华
北京板块,002739,万达电影
北京板块,600764,中国海防
北京板块,688287,观典防务
北京板块,300593,新雷能
北京板块,002713,东易日盛
北京板块,002707,众信旅游
北京板块,002878,元隆雅图
北京板块,002963,豪尔赛
北京板块,300799,*ST左江
北京板块,688084,晶品特装
北京板块,300296,利亚德
北京板块,300379,东方通
北京板块,300895,铜牛信息
北京板块,688456,有研粉材
北京板块,688033,天宜上佳
北京板块,301265,华新环保
北京板块,300719,安达维尔
北京板块,301370,国科恒泰
北京板块,301276,嘉曼服饰
北京板块,300182,捷成股份
北京板块,688197,首药控股-U
北京板块,002701,奥瑞金
北京板块,300513,恒实科技
北京板块,300212,易华录
北京板块,600037,歌华有线
北京板块,601618,中国中冶
北京板块,835184,国源科技
北京板块,600055,万东医疗
北京板块,002392,北京利尔
北京板块,601126,四方股份
北京板块,603970,中农立华
北京板块,873122,中纺标
北京板块,603060,国检集团
北京板块,600536,中国软件
北京板块,002350,北京科锐
北京板块,002721,*ST金一
北京板块,688400,凌云光
北京板块,600198,大唐电信
北京板块,300271,华宇软件
北京板块,002738,中矿资源
北京板块,688272,*ST富吉
北京板块,002612,朗姿股份
北京板块,002410,广联达
北京板块,300200,高盟新材
北京板块,001210,金房能源
北京板块,601068,中铝国际
北京板块,301120,新特电气
北京板块,600058,五矿发展
北京板块,002151,北斗星通
北京板块,688432,有研硅
北京板块,688207,格灵深瞳
北京板块,688200,华峰测控
北京板块,002467,二六三
北京板块,600410,华胜天成
北京板块,688004,博汇科技
北京板块,300011,鼎汉技术
北京板块,688291,金橙子
北京板块,300456,赛微电子
北京板块,603267,鸿远电子
北京板块,300383,光环新网
北京板块,002306,中科云网
北京板块,000959,首钢股份
北京板块,600916,中国黄金
北京板块,000970,中科三环
北京板块,688489,三未信安
北京板块,601728,中国电信
北京板块,301236,软通动力
北京板块,688597,煜邦电力
北京板块,601226,华电重工
北京板块,688201,信安世纪
北京板块,603698,航天工程
北京板块,300774,倍杰特
北京板块,300541,先进数通
北京板块,300166,东方国信
北京板块,688229,博睿数据
北京板块,300332,天壕能源
北京板块,601600,中国铝业
北京板块,600258,首旅酒店
北京板块,603860,中公高科
北京板块,600860,京城股份
北京板块,300055,万邦达
北京板块,301270,汉仪股份
北京板块,000938,紫光股份
北京板块,601857,中国石油
北京板块,600028,中国石化
北京板块,300231,银信科技
北京板块,688339,亿华通-U
北京板块,300579,数字认证
北京板块,003004,声迅股份
北京板块,688168,安博通
北京板块,688080,映翰通
北京板块,300365,恒华科技
北京板块,688253,英诺特
北京板块,300608,思特奇
北京板块,000605,渤海股份
北京板块,300523,辰安科技
北京板块,688172,燕东微
北京板块,002373,千方科技
北京板块,300374,中铁装配
北京板块,002995,天地在线
北京板块,002405,四维图新
北京板块,300846,首都在线
北京板块,300477,合纵科技
北京板块,300191,潜能恒信
北京板块,600582,天地科技
北京板块,301153,中科江南
北京板块,688787,海天瑞声
北京板块,300496,中科创达
北京板块,300117,嘉寓股份
北京板块,603138,海量数据
北京板块,300229,拓尔思
北京板块,002066,瑞泰科技
北京板块,300418,昆仑万维
北京板块,000151,中成股份
北京板块,603511,爱慕股份
北京板块,003005,竞业达
北京板块,000882,华联股份
北京板块,600435,北方导航
北京板块,300287,飞利信
北京板块,300034,钢研高纳
北京板块,300324,旋极信息
北京板块,301302,华如科技
北京板块,301169,零点有数
北京板块,003001,中岩大地
北京板块,300079,数码视讯
北京板块,600489,中金黄金
北京板块,300058,蓝色光标
北京板块,300002,神州泰岳
北京板块,000802,北京文化
北京板块,603598,引力传媒
北京板块,603778,乾景园林
北京板块,688058,宝兰德
北京板块,688315,诺禾致源
北京板块,300213,佳讯飞鸿
北京板块,000620,*ST新联
北京板块,688280,精进电动-UW
北京板块,300291,百纳千成
北京板块,300369,绿盟科技
北京板块,300785,值得买
北京板块,300315,掌趣科技
北京板块,002383,合众思壮
北京板块,000839,ST国安
北京板块,601858,中国科传
北京板块,688051,佳华科技
北京板块,300935,盈建科
北京板块,688028,沃尔德
北京板块,688292,浩瀚深度
北京板块,603569,长久物流
北京板块,688568,中科星图
北京板块,603979,金诚信
北京板块,300455,航天智装
北京板块,300667,必创科技
北京板块,300139,晓程科技
北京板块,301085,亚康股份
北京板块,002368,太极股份
北京板块,688509,正元地信
北京板块,002659,凯文教育
北京板块,688078,龙软科技
北京板块,300081,恒信东方
北京板块,300449,汉邦高科
北京板块,002780,三夫户外
北京板块,600658,电子城
北京板块,688500,*ST慧辰
北京板块,603803,瑞斯康达
北京板块,300005,探路者
北京板块,300150,世纪瑞尔
北京板块,002362,汉王科技
北京板块,603859,能科科技
北京板块,300851,交大思诺
北京板块,688181,八亿时空
北京板块,688466,金科环境
北京板块,300788,中信出版
北京板块,603025,大豪科技
北京板块,300445,康斯特
北京板块,688282,理工导航
北京板块,300223,北京君正
北京板块,833575,康乐卫士
北京板块,300684,中石科技
北京板块,688277,天智航-U
北京板块,600386,北巴传媒
北京板块,600968,海油发展
北京板块,300353,东土科技
北京板块,601061,中信金属
北京板块,603000,人民网
北京板块,600733,北汽蓝谷
北京板块,002662,京威股份
北京板块,301269,华大九天
北京板块,300157,恒泰艾普
北京板块,000758,中色股份
北京板块,300010,*ST豆神
北京板块,688050,爱博医疗
北京板块,301293,三博脑科
北京板块,300036,超图软件
北京板块,603533,掌阅科技
北京板块,601949,中国出版
北京板块,300736,百邦科技
北京板块,300797,钢研纳克
北京板块,300552,万集科技
北京板块,300282,*ST三盛
北京板块,001259,利仁科技
北京板块,605069,正和生态
北京板块,600560,金自天正
北京板块,300364,中文在线
北京板块,000603,盛达资源
北京板块,300302,同有科技
北京板块,688236,春立医疗
北京板块,002771,真视通
北京板块,301162,国能日新
北京板块,600166,福田汽车
北京板块,688326,经纬恒润-W
北京板块,688338,赛科希德
北京板块,300928,华安鑫创
北京板块,603888,新华网
北京板块,605178,时空科技
北京板块,688056,莱伯泰科
北京板块,300858,科拓生物
北京板块,603603,*ST博天
北京板块,000969,安泰科技
北京板块,301159,三维天地
北京板块,600361,创新新材
重庆板块,000838,财信发展
重庆板块,688443,智翔金泰-U
重庆板块,300275,梅安森
重庆板块,600129,太极集团
重庆板块,002907,华森制药
重庆板块,300363,博腾股份
重庆板块,600369,西南证券
重庆板块,300006,莱美药业
重庆板块,000736,中交地产
重庆板块,603697,有友食品
重庆板块,603601,再升科技
重庆板块,300122,智飞生物
重庆板块,002742,ST三圣
重庆板块,000788,北大医药
重庆板块,600132,重庆啤酒
重庆板块,600565,迪马股份
重庆板块,601005,重庆钢铁
重庆板块,601077,渝农商行
重庆板块,603976,正川股份
重庆板块,300194,福安药业
重庆板块,000950,重药控股
重庆板块,001328,登康口腔
重庆板块,002507,涪陵榨菜
重庆板块,601963,重庆银行
重庆板块,688410,山外山
重庆板块,000656,金科股份
重庆板块,833873,中设咨询
重庆板块,000514,渝 开 发
重庆板块,601158,重庆水务
重庆板块,688576,西山科技
重庆板块,831370,新安洁
重庆板块,601127,赛力斯
重庆板块,603191,望变电气
重庆板块,000591,太阳能
重庆板块,000892,欢瑞世纪
重庆板块,834033,康普化学
重庆板块,600116,三峡水利
重庆板块,605122,四方新材
重庆板块,600939,重庆建工
重庆板块,001317,三羊马
重庆板块,002968,新大正
重庆板块,003006,百亚股份
重庆板块,301121,紫建电子
重庆板块,600917,重庆燃气
重庆板块,600106,重庆路桥
重庆板块,600279,重庆港
重庆板块,871857,泓禧科技
重庆板块,600292,远达环保
重庆板块,002004,华邦健康
重庆板块,601827,三峰环境
重庆板块,830896,旺成科技
重庆板块,000565,渝三峡Ａ
重庆板块,600615,丰华股份
重庆板块,603717,天域生态
重庆板块,603109,神驰机电
重庆板块,600729,重庆百货
重庆板块,603758,秦安股份
重庆板块,600877,电科芯片
重庆板块,002765,蓝黛科技
重庆板块,601965,中国汽研
重庆板块,002872,ST天圣
重庆板块,301397,溯联股份
重庆板块,001296,长江材料
重庆板块,002558,巨人网络
重庆板块,301307,美利信
重庆板块,002996,顺博合金
重庆板块,000625,长安汽车
重庆板块,301107,瑜欣电子
重庆板块,600847,万里股份
重庆板块,001696,宗申动力
重庆板块,603766,隆鑫通用
重庆板块,600452,涪陵电力
重庆板块,603100,川仪股份
重庆板块,601777,力帆科技
福建板块,603383,顶点软件
福建板块,002702,海欣食品
福建板块,300051,三五互联
福建板块,688278,特宝生物
福建板块,002626,金达威
福建板块,600753,庚星股份
福建板块,002229,鸿博股份
福建板块,603696,安记食品
福建板块,601377,兴业证券
福建板块,300174,元力股份
福建板块,300685,艾德生物
福建板块,301148,嘉戎技术
福建板块,300436,广生堂
福建板块,300062,中能电气
福建板块,300300,海峡创新
福建板块,601187,厦门银行
福建板块,603893,瑞芯微
福建板块,002868,绿康生化
福建板块,002901,大博医疗
福建板块,300750,宁德时代
福建板块,688778,厦钨新能
福建板块,002614,奥佳华
福建板块,300427,*ST红相
福建板块,603992,松霖科技
福建板块,002110,三钢闽光
福建板块,300972,万辰生物
福建板块,601166,兴业银行
福建板块,002961,瑞达期货
福建板块,600563,法拉电子
福建板块,600573,惠泉啤酒
福建板块,833171,国航远洋
福建板块,300096,易联众
福建板块,002335,科华数据
福建板块,600436,片仔癀
福建板块,600483,福能股份
福建板块,002788,鹭燕医药
福建板块,300712,永福股份
福建板块,600153,建发股份
福建板块,000797,中国武夷
福建板块,603162,海通发展
福建板块,301355,南王科技
福建板块,603180,金牌厨柜
福建板块,600549,厦门钨业
福建板块,300341,麦克奥迪
福建板块,600057,厦门象屿
福建板块,300941,创识科技
福建板块,002299,圣农发展
福建板块,600067,冠城大通
福建板块,002102,冠福股份
福建板块,002217,合力泰
福建板块,301267,华厦眼科
福建板块,002474,榕基软件
福建板块,002093,国脉科技
福建板块,600755,厦门国贸
福建板块,603826,坤彩科技
福建板块,300955,嘉亨家化
福建板块,002752,昇兴股份
福建板块,603628,清源股份
福建板块,002398,垒知集团
福建板块,603668,天马科技
福建板块,002790,瑞尔特
福建板块,605118,力鼎光电
福建板块,603444,吉比特
福建板块,837748,路桥信息
福建板块,603909,建发合诚
福建板块,002512,达华智能
福建板块,002264,新 华 都
福建板块,002228,合兴包装
福建板块,000732,ST泰禾
福建板块,000671,ST阳光城
福建板块,603345,安井食品
福建板块,603408,建霖家居
福建板块,688095,福昕软件
福建板块,000547,航天发展
福建板块,603737,三棵树
福建板块,300132,青松股份
福建板块,300648,星云股份
福建板块,600163,中闽能源
福建板块,600711,盛屯矿业
福建板块,688398,赛特新材
福建板块,831445,龙竹科技
福建板块,002674,兴业科技
福建板块,000993,闽东电力
福建板块,600388,龙净环保
福建板块,603363,傲农生物
福建板块,600660,福耀玻璃
福建板块,301196,唯科科技
福建板块,300867,圣元环保
福建板块,002740,*ST爱迪
福建板块,688619,罗普特
福建板块,603615,茶花股份
福建板块,300525,博思软件
福建板块,000997,新 大 陆
福建板块,002029,七 匹 狼
福建板块,600693,东百集团
福建板块,603817,海峡环保
福建板块,000536,华映科技
福建板块,300188,美亚柏科
福建板块,605365,立达信
福建板块,603636,南威软件
福建板块,300884,狄耐克
福建板块,300560,中富通
福建板块,688010,福光股份
福建板块,605086,龙高股份
福建板块,002235,安妮股份
福建板块,002785,万里石
福建板块,688195,腾景科技
福建板块,603663,三祥新材
福建板块,002396,星网锐捷
福建板块,301028,东亚机械
福建板块,600815,厦工股份
福建板块,300056,中创环保
福建板块,603306,华懋科技
福建板块,002300,太阳电缆
福建板块,002803,吉宏股份
福建板块,600897,厦门空港
福建板块,603933,睿能科技
福建板块,600493,凤竹纺织
福建板块,003019,宸展光电
福建板块,002925,盈趣科技
福建板块,300658,延江股份
福建板块,002679,福建金森
福建板块,601899,紫金矿业
福建板块,300946,恒而达
福建板块,300640,德艺文创
福建板块,300299,富春股份
福建板块,002593,日上集团
福建板块,603686,福龙马
福建板块,001368,通达创智
福建板块,301136,招标股份
福建板块,000753,漳州发展
福建板块,002639,雪人股份
福建板块,688196,卓越新能
福建板块,605299,舒华体育
福建板块,600802,福建水泥
福建板块,600033,福建高速
福建板块,301300,远翔新材
福建板块,002174,游族网络
福建板块,300657,弘信电子
福建板块,002729,好利科技
福建板块,300198,纳川股份
福建板块,300102,乾照光电
福建板块,600592,龙溪股份
福建板块,601566,九牧王
福建板块,300632,光莆股份
福建板块,000526,学大教育
福建板块,603280,南方路机
福建板块,300628,亿联网络
福建板块,300280,紫天科技
福建板块,603678,火炬电子
福建板块,000663,永安林业
福建板块,002578,闽发铝业
福建板块,301165,锐捷网络
福建板块,002098,浔兴股份
福建板块,000905,厦门港务
福建板块,603555,ST贵人
福建板块,300902,国安达
福建板块,003016,欣贺股份
福建板块,300605,恒锋信息
福建板块,002682,龙洲股份
福建板块,002517,恺英网络
福建板块,600103,青山纸业
福建板块,000592,平潭发展
福建板块,002222,福晶科技
福建板块,300650,太龙股份
福建板块,600734,ST实达
福建板块,000632,三木集团
福建板块,600203,福日电子
福建板块,000701,厦门信达
福建板块,300706,阿石创
福建板块,600686,金龙汽车
福建板块,603209,兴通股份
福建板块,601933,永辉超市
广东板块,300149,睿智医药
广东板块,603038,华立股份
广东板块,600684,珠江股份
广东板块,688318,财富趋势
广东板块,000090,天健集团
广东板块,300333,兆日科技
广东板块,301366,一博科技
广东板块,300085,银之杰
广东板块,002797,第一创业
广东板块,000014,沙河股份
广东板块,300917,特发服务
广东板块,600446,金证股份
广东板块,603233,大参林
广东板块,300995,奇德新材
广东板块,603063,禾望电气
广东板块,301338,凯格精机
广东板块,600383,金地集团
广东板块,688114,华大智造
广东板块,300094,国联水产
广东板块,688177,百奥泰
广东板块,002548,金新农
广东板块,300377,赢时胜
广东板块,000513,丽珠集团
广东板块,002356,赫美集团
广东板块,300997,欢乐家
广东板块,002837,英维克
广东板块,300769,德方纳米
广东板块,300619,金银河
广东板块,002791,坚朗五金
广东板块,603882,金域医学
广东板块,002256,兆新股份
广东板块,000004,国华网安
广东板块,688595,芯海科技
广东板块,000712,锦龙股份
广东板块,300317,珈伟新能
广东板块,002723,小崧股份
广东板块,000028,国药一致
广东板块,300844,山水比德
广东板块,300199,翰宇药业
广东板块,000776,广发证券
广东板块,002482,*ST广田
广东板块,002939,长城证券
广东板块,000999,华润三九
广东板块,002736,国信证券
广东板块,301323,新莱福
广东板块,000001,平安银行
广东板块,301325,曼恩斯特
广东板块,600999,招商证券
广东板块,300147,香雪制药
广东板块,600030,中信证券
广东板块,300724,捷佳伟创
广东板块,000987,越秀资本
广东板块,300778,新城市
广东板块,002728,特一药业
广东板块,003021,兆威机电
广东板块,300030,阳普医疗
广东板块,300876,蒙泰高新
广东板块,002992,宝明科技
广东板块,600380,健康元
广东板块,300404,博济医药
广东板块,002317,众生药业
广东板块,300723,一品红
广东板块,001979,招商蛇口
广东板块,300868,杰美特
广东板块,688327,云从科技-UW
广东板块,300676,华大基因
广东板块,300979,华利集团
广东板块,000031,大悦城
广东板块,002294,信立泰
广东板块,300620,光库科技
广东板块,601318,中国平安
广东板块,002551,尚荣医疗
广东板块,000002,万 科Ａ
广东板块,600036,招商银行
广东板块,300124,汇川技术
广东板块,300925,法本信息
广东板块,000069,华侨城Ａ
广东板块,002898,赛隆药业
广东板块,688323,瑞华泰
广东板块,600048,保利发展
广东板块,002334,英威腾
广东板块,002732,燕塘乳业
广东板块,301111,粤万年青
广东板块,001308,康冠科技
广东板块,688617,惠泰医疗
广东板块,000529,广弘控股
广东板块,603838,四通股份
广东板块,002495,佳隆股份
广东板块,688772,珠海冠宇
广东板块,000010,美丽生态
广东板块,300602,飞荣达
广东板块,002030,达安基因
广东板块,300693,盛弘股份
广东板块,300991,创益通
广东板块,000078,海王生物
广东板块,300348,长亮科技
广东板块,000006,深振业Ａ
广东板块,002314,南山控股
广东板块,002052,ST同洲
广东板块,300014,亿纬锂能
广东板块,300691,联合光电
广东板块,002218,拓日新能
广东板块,300206,理邦仪器
广东板块,000039,中集集团
广东板块,600332,白云山
广东板块,301033,迈普医学
广东板块,600325,华发股份
广东板块,301013,利和兴
广东板块,002475,立讯精密
广东板块,600185,格力地产
广东板块,300973,立高食品
广东板块,002957,科瑞技术
广东板块,002352,顺丰控股
广东板块,300529,健帆生物
广东板块,301021,英诺激光
广东板块,300942,易瑞生物
广东板块,003816,中国广核
广东板块,603833,欧派家居
广东板块,001313,粤海饲料
广东板块,600872,中炬高新
广东板块,300568,星源材质
广东板块,300791,仙乐健康
广东板块,301503,智迪科技
广东板块,000029,深深房Ａ
广东板块,300498,温氏股份
广东板块,002880,卫光生物
广东板块,002851,麦格米特
广东板块,000056,皇庭国际
广东板块,300622,博士眼镜
广东板块,300638,广和通
广东板块,002717,岭南股份
广东板块,002336,人人乐
广东板块,301288,清研环境
广东板块,000042,中洲控股
广东板块,301381,赛维时代
广东板块,688026,洁特生物
广东板块,688628,优利德
广东板块,000036,华联控股
广东板块,002325,洪涛股份
广东板块,002311,海大集团
广东板块,301305,朗坤环境
广东板块,300561,汇金科技
广东板块,300482,万孚生物
广东板块,300381,溢多利
广东板块,603983,丸美股份
广东板块,600866,星湖科技
广东板块,002292,奥飞娱乐
广东板块,000011,深物业A
广东板块,300616,尚品宅配
广东板块,002319,乐通股份
广东板块,000037,深南电A
广东板块,300989,蕾奥规划
广东板块,603288,海天味业
广东板块,301283,聚胶股份
广东板块,300938,信测标准
广东板块,605499,东鹏饮料
广东板块,300207,欣旺达
广东板块,688388,嘉元科技
广东板块,688609,九联科技
广东板块,002210,飞马国际
广东板块,002832,比音勒芬
广东板块,688248,南网科技
广东板块,300506,名家汇
广东板块,300227,光韵达
广东板块,300621,维业股份
广东板块,002047,宝鹰股份
广东板块,688325,赛微微电
广东板块,601333,广深铁路
广东板块,000861,海印股份
广东板块,001914,招商积余
广东板块,688322,奥比中光-UW
广东板块,002399,海普瑞
广东板块,601138,工业富联
广东板块,002027,分众传媒
广东板块,688345,博力威
广东板块,000019,深粮控股
广东板块,603336,宏辉果蔬
广东板块,300833,浩洋股份
广东板块,002745,木林森
广东板块,002965,祥鑫科技
广东板块,002967,广电计量
广东板块,603043,广州酒家
广东板块,002584,西陇科学
广东板块,601615,明阳智能
广东板块,300562,乐心医疗
广东板块,300586,美联新材
广东板块,300238,冠昊生物
广东板块,600868,梅雁吉祥
广东板块,603848,好太太
广东板块,688380,中微半导
广东板块,300454,深信服
广东板块,002016,世荣兆业
广东板块,600728,佳都科技
广东板块,300532,今天国际
广东板块,872925,锦好医疗
广东板块,002461,珠江啤酒
广东板块,300458,全志科技
广东板块,000601,韶能股份
广东板块,300671,富满微
广东板块,300389,艾比森
广东板块,301377,鼎泰高科
广东板块,002192,融捷股份
广东板块,688025,杰普特
广东板块,603268,松发股份
广东板块,300716,泉为科技
广东板块,000659,珠海中富
广东板块,002308,威创股份
广东板块,000058,深 赛 格
广东板块,300131,英唐智控
广东板块,688128,中国电研
广东板块,688522,纳睿雷达
广东板块,831167,鑫汇科
广东板块,300977,深圳瑞捷
广东板块,603160,汇顶科技
广东板块,301486,致尚科技
广东板块,002855,捷荣技术
广东板块,688668,鼎通科技
广东板块,688575,亚辉龙
广东板块,002433,*ST太安
广东板块,002959,小熊电器
广东板块,002841,视源股份
广东板块,002191,劲嘉股份
广东板块,603863,松炀资源
广东板块,002544,普天科技
广东板块,002054,德美化工
广东板块,300146,汤臣倍健
广东板块,002949,华阳国际
广东板块,000007,*ST全新
广东板块,000062,深圳华强
广东板块,000539,粤电力Ａ
广东板块,300601,康泰生物
广东板块,301223,中荣股份
广东板块,000828,东莞控股
广东板块,603920,世运电路
广东板块,000055,方大集团
广东板块,002609,捷顺科技
广东板块,300633,开立医疗
广东板块,300468,四方精创
广东板块,002759,天际股份
广东板块,002138,顺络电子
广东板块,003013,地铁设计
广东板块,002620,瑞和股份
广东板块,001201,东瑞股份
广东板块,688401,路维光电
广东板块,835185,贝特瑞
广东板块,300012,华测检测
广东板块,000099,中信海直
广东板块,603228,景旺电子
广东板块,300832,新产业
广东板块,688638,誉辰智能
广东板块,600098,广州发展
广东板块,300822,贝仕达克
广东板块,688208,道通科技
广东板块,603991,至正股份
广东板块,301263,泰恩康
广东板块,688620,安凯微
广东板块,300130,新国都
广东板块,002340,格林美
广东板块,002421,达实智能
广东板块,003040,楚天龙
广东板块,300857,协创数据
广东板块,000089,深圳机场
广东板块,688662,富信科技
广东板块,002572,索菲亚
广东板块,872374,云里物里
广东板块,300572,安车检测
广东板块,300340,科恒股份
广东板块,000100,TCL科技
广东板块,301059,金三江
广东板块,601515,东风股份
广东板块,688683,莱尔科技
广东板块,002811,郑中设计
广东板块,688499,利元亨
广东板块,000016,深康佳Ａ
广东板块,300738,奥飞数据
广东板块,000921,海信家电
广东板块,300639,凯普生物
广东板块,000088,盐 田 港
广东板块,688148,芳源股份
广东板块,300151,昌红科技
广东板块,870866,绿亨科技
广东板块,603051,鹿山新材
广东板块,834765,美之高
广东板块,002616,长青集团
广东板块,000532,华金资本
广东板块,300311,任子行
广东板块,603936,博敏电子
广东板块,002600,领益智造
广东板块,002786,银宝山新
广东板块,301330,熵基科技
广东板块,300376,易事特
广东板块,002419,天虹股份
广东板块,002137,实益达
广东板块,002923,润都股份
广东板块,688699,明微电子
广东板块,603309,维力医疗
广东板块,300037,新宙邦
广东板块,002198,嘉应制药
广东板块,301318,维海德
广东板块,000685,中山公用
广东板块,000025,特 力Ａ
广东板块,001338,永顺泰
广东板块,002233,塔牌集团
广东板块,603725,天安新材
广东板块,603898,好莱客
广东板块,300634,彩讯股份
广东板块,300246,宝莱特
广东板块,000009,中国宝安
广东板块,002594,比亚迪
广东板块,300607,拓斯达
广东板块,300531,优博讯
广东板块,002733,雄韬股份
广东板块,002518,科士达
广东板块,603535,嘉诚国际
广东板块,002705,新宝股份
广东板块,300629,新劲刚
广东板块,301038,深水规院
广东板块,301029,怡合达
广东板块,688393,安必平
广东板块,870726,鸿智科技
广东板块,838275,驱动力
广东板块,836957,汉维科技
广东板块,836807,奔朗新材
广东板块,835237,力佳科技
广东板块,833075,柏星龙
广东板块,832491,奥迪威
广东板块,688512,慧智微-U
广东板块,603797,联泰环保
广东板块,601228,广州港
广东板块,600518,ST康美
广东板块,600499,科达制造
广东板块,430556,雅达股份
广东板块,301468,博盈特焊
广东板块,300834,星辉环材
广东板块,300448,浩云科技
广东板块,300197,节能铁汉
广东板块,300063,天龙集团
广东板块,002993,奥海科技
广东板块,002833,弘亚数控
广东板块,002678,珠江钢琴
广东板块,002663,普邦股份
广东板块,002656,ST摩登
广东板块,002528,英飞拓
广东板块,002503,*ST搜特
广东板块,002303,美盈森
广东板块,002285,世联行
广东板块,002243,力合科创
广东板块,002238,天威视讯
广东板块,002183,怡 亚 通
广东板块,002163,海南发展
广东板块,002084,海鸥住工
广东板块,002008,大族激光
广东板块,000690,宝新能源
广东板块,000507,珠海港
广东板块,000429,粤高速Ａ
广东板块,000040,东旭蓝天
广东板块,000027,深圳能源
广东板块,000049,德赛电池
广东板块,688036,传音控股
广东板块,688268,华特气体
广东板块,688132,邦彦技术
广东板块,002955,鸿合科技
广东板块,002709,天赐材料
广东板块,300546,雄帝科技
广东板块,001202,炬申股份
广东板块,832110,雷特科技
广东板块,688625,呈和科技
广东板块,688793,倍轻松
广东板块,002938,鹏鼎控股
广东板块,000555,神州信息
广东板块,301373,凌玮科技
广东板块,688210,统联精密
广东板块,300811,铂科新材
广东板块,001323,慕思股份
广东板块,301177,迪阿股份
广东板块,301391,卡莱特
广东板块,002831,裕同科技
广东板块,688418,震有科技
广东板块,002741,光华科技
广东板块,688171,纬德信息
广东板块,002301,齐心集团
广东板块,000061,农 产 品
广东板块,600673,东阳光
广东板块,002757,南兴股份
广东板块,600004,白云机场
广东板块,839729,永顺生物
广东板块,873001,纬达光电
广东板块,600428,中远海特
广东板块,002121,科陆电子
广东板块,002980,华盛昌
广东板块,301327,华宝新能
广东板块,600323,瀚蓝环境
广东板块,002672,东江环保
广东板块,002988,豪美新材
广东板块,000012,南 玻Ａ
广东板块,002400,省广集团
广东板块,300814,中富电路
广东板块,301365,矩阵股份
广东板块,300438,鹏辉能源
广东板块,833523,德瑞锂电
广东板块,002511,中顺洁柔
广东板块,000651,格力电器
广东板块,300335,迪森股份
广东板块,002402,和而泰
广东板块,301291,明阳电气
广东板块,000782,美达股份
广东板块,300737,科顺股份
广东板块,001287,中电港
广东板块,000063,中兴通讯
广东板块,300891,惠云钛业
广东板块,301018,申菱环境
广东板块,688518,联赢激光
广东板块,002975,博杰股份
广东板块,600143,金发科技
广东板块,002822,中装建设
广东板块,002177,御银股份
广东板块,301282,金禄电子
广东板块,002449,国星光电
广东板块,003039,顺控发展
广东板块,688125,安达智能
广东板块,000032,深桑达Ａ
广东板块,000066,中国长城
广东板块,300193,佳士科技
广东板块,002999,天禾股份
广东板块,601238,广汽集团
广东板块,002922,伊戈尔
广东板块,688686,奥普特
广东板块,300047,天源迪科
广东板块,002187,广百股份
广东板块,600433,冠豪高新
广东板块,300115,长盈精密
广东板块,000523,广州浪奇
广东板块,002197,证通电子
广东板块,600029,南方航空
广东板块,002989,中天精装
广东板块,839680,广道数字
广东板块,002063,远光软件
广东板块,000637,ST实华
广东板块,300424,航新科技
广东板块,001212,中旗新材
广东板块,002867,周大生
广东板块,603630,拉芳家化
广东板块,600548,深高速
广东板块,000823,超声电子
广东板块,000050,深天马Ａ
广东板块,301332,德尔玛
广东板块,301135,瑞德智能
广东板块,002990,盛视科技
广东板块,301128,强瑞技术
广东板块,301328,维峰电子
广东板块,301051,信濠光电
广东板块,001298,好上好
广东板块,300167,ST迪威迅
广东板块,000096,广聚能源
广东板块,002249,大洋电机
广东板块,002979,雷赛智能
广东板块,002543,万和电气
广东板块,002161,远 望 谷
广东板块,002429,兆驰股份
广东板块,002227,奥 特 迅
广东板块,300232,洲明科技
广东板块,832876,慧为智能
广东板块,002416,爱施德
广东板块,301086,鸿富瀚
广东板块,300241,瑞丰光电
广东板块,002625,光启技术
广东板块,600382,广东明珠
广东板块,002212,天融信
广东板块,600162,香江控股
广东板块,002295,精艺股份
广东板块,688112,鼎阳科技
广东板块,301313,凡拓数创
广东板块,002683,广东宏大
广东板块,300888,稳健医疗
广东板块,002291,遥望科技
广东板块,300052,中青宝
广东板块,300771,智莱科技
广东板块,002152,广电运通
广东板块,603861,白云电器
广东板块,002215,诺 普 信
广东板块,300083,创世纪
广东板块,002918,蒙娜丽莎
广东板块,002870,香山股份
广东板块,002842,翔鹭钨业
广东板块,836871,派特尔
广东板块,300961,深水海纳
广东板块,688183,生益电子
广东板块,688389,普门科技
广东板块,002908,德生科技
广东板块,603808,歌力思
广东板块,002583,海能达
广东板块,002769,普路通
广东板块,300889,爱克股份
广东板块,000576,甘化科工
广东板块,688788,科思科技
广东板块,300852,四会富仕
广东板块,300136,信维通信
广东板块,301002,崧盛股份
广东板块,002575,群兴玩具
广东板块,300495,*ST美尚
广东板块,301200,大族数控
广东板块,600183,生益科技
广东板块,300760,迈瑞医疗
广东板块,002953,日丰股份
广东板块,300687,赛意信息
广东板块,601330,绿色动力
广东板块,000541,佛山照明
广东板块,002055,得润电子
广东板块,300890,翔丰华
广东板块,002916,深南电路
广东板块,300804,广康生化
广东板块,000333,美的集团
广东板块,002882,金龙羽
广东板块,003028,振邦智能
广东板块,688175,高凌信息
广东板块,002815,崇达技术
广东板块,002681,奋达科技
广东板块,688589,力合微
广东板块,837821,则成电子
广东板块,300077,国民技术
广东板块,300903,科翔股份
广东板块,301043,绿岛风
广东板块,688209,英集芯
广东板块,688159,有方科技
广东板块,300921,南凌科技
广东板块,002181,粤 传 媒
广东板块,688138,清溢光电
广东板块,002139,拓邦股份
广东板块,002060,粤 水 电
广东板块,300277,海联讯
广东板块,000717,中南股份
广东板块,002169,智光电气
广东板块,300322,硕贝德
广东板块,688332,中科蓝讯
广东板块,688361,中科飞测-U
广东板块,300854,中兰环保
广东板块,000026,飞亚达
广东板块,300408,三环集团
广东板块,002905,金逸影视
广东板块,688559,海目星
广东板块,601139,深圳燃气
广东板块,002213,大为股份
广东板块,688007,光峰科技
广东板块,301322,绿通科技
广东板块,688049,炬芯科技
广东板块,300681,英搏尔
广东板块,688227,品高股份
广东板块,002862,实丰文化
广东板块,300162,雷曼光电
广东板块,688343,云天励飞-U
广东板块,300932,三友联众
广东板块,000524,岭南控股
广东板块,300770,新媒股份
广东板块,002856,美芝股份
广东板块,000893,亚钾国际
广东板块,000636,风华高科
广东板块,002911,佛燃能源
广东板块,600525,长园集团
广东板块,300252,金信诺
广东板块,002789,建艺集团
广东板块,688020,方邦股份
广东板块,002885,京泉华
广东板块,300464,星徽股份
广东板块,002425,凯撒文化
广东板块,002045,国光电器
广东板块,300739,明阳电路
广东板块,002420,毅昌科技
广东板块,688328,深科达
广东板块,000531,穗恒运Ａ
广东板块,002735,王子新材
广东板块,300319,麦捷科技
广东板块,300098,高新兴
广东板块,688090,瑞松科技
广东板块,300269,联建光电
广东板块,001309,德明利
广东板块,002919,名臣健康
广东板块,002446,盛路通信
广东板块,000973,佛塑科技
广东板块,300713,英可瑞
广东板块,002141,贤丰控股
广东板块,002456,欧菲光
广东板块,300749,顶固集创
广东板块,300173,福能东方
广东板块,002106,莱宝高科
广东板块,300781,因赛集团
广东板块,002676,顺威股份
广东板块,300219,鸿利智汇
广东板块,300310,宜通世纪
广东板块,002105,信隆健康
广东板块,301112,信邦智能
广东板块,300675,建科院
广东板块,300968,格林精密
广东板块,002638,勤上股份
广东板块,300359,全通教育
广东板块,002970,锐明技术
广东板块,002170,芭田股份
广东板块,300545,联得装备
广东板块,000573,粤宏远Ａ
广东板块,000070,特发信息
广东板块,600685,中船防务
广东板块,002909,集泰股份
广东板块,300962,中金辐照
广东板块,300053,航宇微
广东板块,603328,依顿电子
广东板块,002348,高乐股份
广东板块,600894,广日股份
广东板块,001229,魅视科技
广东板块,300752,隆利科技
广东板块,001283,豪鹏科技
广东板块,300514,友讯达
广东板块,300679,电连技术
广东板块,002327,富安娜
广东板块,002889,东方嘉盛
广东板块,300400,劲拓股份
广东板块,002465,海格通信
广东板块,688655,迅捷兴
广东板块,301189,奥尼电子
广东板块,003003,天元股份
广东板块,003035,南网能源
广东板块,000017,深中华A
广东板块,300615,欣天科技
广东板块,300533,冰川网络
广东板块,002917,金奥博
广东板块,000020,深华发Ａ
广东板块,301067,显盈科技
广东板块,002809,红墙股份
广东板块,301248,杰创智能
广东板块,300812,易天股份
广东板块,300303,聚飞光电
广东板块,300870,欧陆通
广东板块,300940,南极光
广东板块,000068,华控赛格
广东板块,002816,*ST和科
广东板块,831768,拾比佰
广东板块,001209,洪兴股份
广东板块,300711,广哈通信
广东板块,002782,可立克
广东板块,301133,金钟股份
广东板块,002775,文科园林
广东板块,688228,开普云
广东板块,300410,正业科技
广东板块,003037,三和管桩
广东板块,001339,智微智能
广东板块,300242,佳云科技
广东板块,002492,恒基达鑫
广东板块,300301,*ST长方
广东板块,002846,英联股份
广东板块,300951,博硕科技
广东板块,300457,赢合科技
广东板块,001314,亿道信息
广东板块,300543,朗科智能
广东板块,300042,朗科科技
广东板块,301387,光大同创
广东板块,300177,中海达
广东板块,002369,卓翼科技
广东板块,300050,世纪鼎利
广东板块,002930,宏川智慧
广东板块,603813,原尚股份
广东板块,001268,联合精密
广东板块,831039,国义招标
广东板块,300328,宜安科技
广东板块,000023,ST深天
广东板块,002792,通宇通讯
广东板块,001872,招商港口
广东板块,301091,深城交
广东板块,300805,电声股份
广东板块,300221,银禧科技
广东板块,002017,东信和平
广东板块,688216,气派科技
广东板块,002920,德赛西威
广东板块,688252,天德钰
广东板块,300518,盛讯达
广东板块,600892,大晟文化
广东板块,300843,胜蓝股份
广东板块,002823,凯中精密
广东板块,002824,和胜股份
广东板块,000034,神州数码
广东板块,603386,骏亚科技
广东板块,002168,惠程科技
广东板块,002668,奥马电器
广东板块,002611,东方精工
广东板块,002762,金发拉比
广东板块,688135,利扬芯片
广东板块,002289,ST宇顺
广东板块,300909,汇创达
广东板块,301041,金百泽
广东板块,000048,京基智农
广东板块,688045,必易微
广东板块,301138,华研精机
广东板块,002902,铭普光磁
广东板块,002660,茂硕电源
广东板块,300790,宇瞳光学
广东板块,301110,青木股份
广东板块,002441,众业达
广东板块,300415,伊之密
广东板块,300503,昊志机电
广东板块,603978,深圳新星
广东板块,001319,铭科精技
广东板块,300565,科信技术
广东板块,301326,捷邦科技
广东板块,300004,南风股份
广东板块,603608,天创时尚
广东板块,300824,北鼎股份
广东板块,003018,金富科技
广东板块,300939,秋田微
广东板块,002836,新宏泽
广东板块,002577,雷柏科技
广东板块,300235,方直科技
广东板块,300409,道氏技术
广东板块,300476,胜宏科技
广东板块,002341,新纶新材
广东板块,300499,高澜股份
广东板块,300403,汉宇集团
广东板块,301191,菲菱科思
广东板块,002076,星光股份
广东板块,300154,瑞凌股份
广东板块,300686,智动力
广东板块,300556,丝路视觉
广东板块,000045,深纺织Ａ
广东板块,300599,雄塑科技
广东板块,002774,快意电梯
广东板块,300591,万里马
广东板块,002853,皮阿诺
广东板块,688115,思林杰
广东板块,300756,金马游乐
广东板块,301123,奕东电子
广东板块,002884,凌霄泵业
广东板块,002973,侨银股份
广东板块,300576,容大感光
广东板块,000534,万泽股份
广东板块,603322,超讯通信
广东板块,301395,仁信新材
广东板块,301396,宏景科技
广东板块,688173,希荻微
广东板块,002579,中京电子
广东板块,301512,智信精密
广东板块,001316,润贝航科
广东板块,300735,光弘科技
广东板块,300484,蓝海华腾
广东板块,688083,中望软件
广东板块,002972,科安达
广东板块,002906,华阳集团
广东板块,002886,沃特股份
广东板块,003010,若羽臣
广东板块,002502,ST鼎龙
广东板块,301319,唯特偶
广东板块,002035,华帝股份
广东板块,001322,箭牌家居
广东板块,002835,同为股份
广东板块,300635,中达安
广东板块,688321,微芯生物
广东板块,002666,德联集团
广东板块,300793,佳禾智能
广东板块,002981,朝阳科技
广东板块,002869,金溢科技
广东板块,301105,鸿铭股份
广东板块,002876,三利谱
广东板块,002763,汇洁股份
广东板块,300976,达瑞电子
广东板块,603390,通达电气
广东板块,000976,ST华铁
广东板块,000021,深科技
广东板块,002647,仁东控股
广东板块,301131,聚赛龙
广东板块,300350,华鹏飞
广东板块,300570,太辰光
广东板块,002101,广东鸿图
广东板块,300460,惠伦晶体
广东板块,301369,联动科技
广东板块,300589,江龙船艇
广东板块,002875,安奈儿
广东板块,301382,蜂助手
广东板块,688279,峰岹科技
广东板块,301042,安联锐视
广东板块,601900,南方传媒
广东板块,300281,金明精机
广东板块,688312,燕麦科技
广东板块,300155,安居宝
广东板块,688359,三孚新科
广东板块,002345,潮宏基
广东板块,301011,华立科技
广东板块,300949,奥雅股份
广东板块,688618,三旺通信
广东板块,300668,杰恩设计
广东板块,300745,欣锐科技
广东板块,301039,中集车辆
广东板块,300538,同益股份
广东板块,002806,华锋股份
广东板块,300625,三雄极光
广东板块,002813,路畅科技
广东板块,002130,沃尔核材
广东板块,000676,智度股份
广东板块,003012,东鹏控股
广东板块,301363,美好医疗
广东板块,002436,兴森科技
广东板块,300044,赛为智能
广东板块,002881,美格智能
广东板块,300176,派生科技
广东板块,002654,万润科技
广东板块,300978,东箭科技
广东板块,300521,爱司凯
广东板块,688383,新益昌
广东板块,600589,*ST榕泰
广东板块,603335,迪生力
广东板块,301178,天亿马
广东板块,300606,金太阳
广东板块,603348,文灿股份
广东板块,836892,广咨国际
广东板块,688627,精智达
广东板块,300264,佳创视讯
广东板块,300057,万顺新材
广东板块,002766,索菱股份
广东板块,002167,东方锆业
广东板块,002180,纳思达
广东板块,002888,惠威科技
广东板块,301312,智立方
广东板块,002850,科达利
广东板块,688395,正弦电气
广东板块,603118,共进股份
广东板块,000533,顺钠股份
广东板块,002912,中新赛克
广东板块,000005,ST星源
广东板块,002288,超华科技
广东板块,300720,海川智能
广东板块,301308,江波龙
广东板块,300689,澄天伟业
广东板块,300043,星辉娱乐
广东板块,688669,聚石化学
广东板块,300916,朗特智能
广东板块,300656,民德电子
广东板块,000060,中金岭南
广东板块,002031,巨轮智能
广东板块,301268,铭利达
广东板块,002845,同兴达
广东板块,300960,通业科技
广东板块,002715,登云股份
广东板块,002830,名雕股份
广东板块,300808,久量股份
广东板块,002351,漫步者
广东板块,301314,科瑞思
广东板块,300112,万讯自控
广东板块,300647,超频三
广东板块,688525,佰维存储
广东板块,002587,奥拓电子
广东板块,688622,禾信仪器
广东板块,688612,威迈斯
广东板块,002313,*ST日海
广东板块,002209,达 意 隆
广东板块,603002,宏昌电子
广东板块,301488,豪恩汽电
广东板块,002776,*ST柏龙
广东板块,688603,天承科技
广东板块,300731,科创新源
广东板块,300417,南华仪器
广东板块,002724,海洋王
广西板块,000716,黑芝麻
广西板块,000750,国海证券
广西板块,832023,田野股份
广西板块,002329,皇氏集团
广西板块,002956,西麦食品
广西板块,600252,中恒集团
广西板块,000703,恒逸石化
广西板块,002166,莱茵生物
广西板块,600301,华锡有色
广西板块,002275,桂林三金
广西板块,002696,百洋股份
广西板块,000911,南宁糖业
广西板块,002592,ST八菱
广西板块,000953,河化股份
广西板块,600236,桂冠电力
广西板块,000833,粤桂股份
广西板块,600556,天下秀
广西板块,838837,华原股份
广西板块,600310,广西能源
广西板块,601368,绿城水务
广西板块,601003,柳钢股份
广西板块,600368,五洲交通
广西板块,000978,桂林旅游
广西板块,603368,柳药集团
广西板块,000528,柳 工
广西板块,600249,两面针
广西板块,002929,润建股份
广西板块,601996,丰林集团
广西板块,600538,国发股份
广西板块,603166,福达股份
广西板块,301379,天山电子
广西板块,000582,北部湾港
广西板块,600423,柳化股份
广西板块,600712,南宁百货
广西板块,300422,博世科
广西板块,603869,新智认知
广西板块,301027,华蓝集团
广西板块,832885,星辰科技
广西板块,000608,阳光股份
广西板块,600936,广西广电
广西板块,002175,东方智造
甘肃板块,002910,庄园牧场
甘肃板块,001227,兰州银行
甘肃板块,603919,金徽酒
甘肃板块,002644,佛慈制药
甘肃板块,300534,陇神戎发
甘肃板块,002219,新里程
甘肃板块,000929,兰州黄河
甘肃板块,000981,山子股份
甘肃板块,600354,敦煌种业
甘肃板块,600307,酒钢宏兴
甘肃板块,000791,甘肃能源
甘肃板块,600543,*ST莫高
甘肃板块,300093,金刚光伏
甘肃板块,002665,首航高科
甘肃板块,000552,甘肃能化
甘肃板块,000691,亚太实业
甘肃板块,603169,兰石重装
甘肃板块,300084,海默科技
甘肃板块,300021,大禹节水
甘肃板块,002145,中核钛白
甘肃板块,600720,祁连山
甘肃板块,000672,上峰水泥
甘肃板块,000995,*ST皇台
甘肃板块,600108,亚盛集团
甘肃板块,002772,众兴菌业
甘肃板块,002185,华天科技
甘肃板块,600738,丽尚国潮
甘肃板块,600192,长城电工
甘肃板块,600516,方大炭素
甘肃板块,603999,读者传媒
甘肃板块,000779,甘咨询
甘肃板块,601798,蓝科高新
甘肃板块,601212,白银有色
甘肃板块,601086,国芳集团
甘肃板块,603132,金徽股份
贵州板块,301428,世纪恒通
贵州板块,600610,中毅达
贵州板块,600594,益佰制药
贵州板块,600996,贵广网络
贵州板块,300919,中伟股份
贵州板块,002390,信邦制药
贵州板块,601997,贵阳银行
贵州板块,002873,新天药业
贵州板块,600227,赤天化
贵州板块,600367,红星发展
贵州板块,600112,ST天成
贵州板块,002424,贵州百灵
贵州板块,600395,盘江股份
贵州板块,603439,贵州三力
贵州板块,600519,贵州茅台
贵州板块,002039,黔源电力
贵州板块,002927,泰永长征
贵州板块,603058,永吉股份
贵州板块,600903,贵州燃气
贵州板块,002895,川恒股份
贵州板块,000733,振华科技
贵州板块,688707,振华新材
贵州板块,300288,朗玛信息
贵州板块,002037,保利联合
贵州板块,603458,勘设股份
贵州板块,688439,振华风光
贵州板块,830809,安达科技
贵州板块,600765,中航重机
贵州板块,002025,航天电器
贵州板块,600992,贵绳股份
贵州板块,000851,高鸿股份
贵州板块,002928,华夏航空
贵州板块,000589,贵州轮胎
贵州板块,688239,航宇科技
贵州板块,000920,沃顿科技
贵州板块,600523,贵航股份
河北板块,002146,荣盛发展
河北板块,001301,尚太科技
河北板块,603938,三孚股份
河北板块,300446,乐凯新材
河北板块,002603,以岭药业
河北板块,300368,汇金股份
河北板块,600559,老白干酒
河北板块,300869,康泰医学
河北板块,600230,沧州大化
河北板块,000848,承德露露
河北板块,835985,海泰新能
河北板块,600812,华北制药
河北板块,600340,华夏幸福
河北板块,600965,福成股份
河北板块,000958,电投产融
河北板块,300255,常山药业
河北板块,603176,汇通集团
河北板块,838163,方大新材
河北板块,000401,冀东水泥
河北板块,600906,财达证券
河北板块,300765,新诺威
河北板块,603385,惠达卫浴
河北板块,000889,ST中嘉
河北板块,002459,晶澳科技
河北板块,000600,建投能源
河北板块,832171,志晟信息
河北板块,002049,紫光国微
河北板块,603050,科林电气
河北板块,600997,开滦股份
河北板块,003031,中瓷电子
河北板块,300981,中红医疗
河北板块,000923,河钢资源
河北板块,832471,美邦科技
河北板块,300491,通合科技
河北板块,836717,瑞星股份
河北板块,600956,新天绿能
河北板块,002960,青鸟消防
河北板块,000937,冀中能源
河北板块,836247,华密新材
河北板块,603156,养元饮品
河北板块,300107,建新股份
河北板块,600135,乐凯胶片
河北板块,600409,三友化工
河北板块,600550,保变电气
河北板块,600722,金牛化工
河北板块,000709,河钢股份
河北板块,002342,巨力索具
河北板块,000856,冀东装备
河北板块,002442,龙星化工
河北板块,688146,中船特气
河北板块,600803,新奥股份
河北板块,002108,沧州明珠
河北板块,600149,廊坊发展
河北板块,300152,新动力
河北板块,000778,新兴铸管
河北板块,605196,华通线缆
河北板块,002282,博深股份
河北板块,601000,唐山港
河北板块,300137,先河环保
河北板块,301197,工大科雅
河北板块,002691,冀凯股份
河北板块,830964,润农节水
河北板块,002494,华斯股份
河北板块,000413,东旭光电
河北板块,600480,凌云股份
河北板块,300922,天秦装备
河北板块,600482,中国动力
河北板块,000158,常山北明
河北板块,601633,长城汽车
河北板块,300847,中船汉光
河北板块,301261,恒工精密
河北板块,300138,晨光生物
河北板块,601326,秦港股份
河北板块,300990,同飞股份
河北板块,301298,东利机械
河北板块,300371,汇中股份
河北板块,300428,立中集团
河南板块,002535,林州重机
河南板块,301277,新天地
河南板块,301152,天力锂能
河南板块,300910,瑞丰新材
河南板块,301089,拓新药业
河南板块,300908,仲景食品
河南板块,300437,清水源
河南板块,300829,金丹科技
河南板块,601375,中原证券
河南板块,002321,华英农业
河南板块,002423,中粮资本
河南板块,300850,新强联
河南板块,002216,三全食品
河南板块,600222,太龙药业
河南板块,002582,好想你
河南板块,301376,致欧科技
河南板块,001215,千味央厨
河南板块,300109,新开源
河南板块,600312,XD平高电
河南板块,301207,华兰疫苗
河南板块,002936,郑州银行
河南板块,834415,恒拓开源
河南板块,002007,华兰生物
河南板块,600285,羚锐制药
河南板块,002087,*ST新纺
河南板块,300614,百川畅银
河南板块,601608,中信重工
河南板块,600186,莲花健康
河南板块,603566,普莱柯
河南板块,000895,双汇发展
河南板块,002560,通达股份
河南板块,688357,建龙微纳
河南板块,832225,利通科技
河南板块,002714,牧原股份
河南板块,838971,天马新材
河南板块,300263,隆华科技
河南板块,688517,金冠电气
河南板块,300480,光力科技
河南板块,002431,棕榈股份
河南板块,301071,力量钻石
河南板块,600876,凯盛新能
河南板块,600020,中原高速
河南板块,600172,黄河旋风
河南板块,688313,仕佳光子
河南板块,001896,豫能控股
河南板块,002046,国机精工
河南板块,688626,翔宇医疗
河南板块,872895,花溪科技
河南板块,833454,同心传动
河南板块,831087,秋乐种业
河南板块,600439,瑞贝卡
河南板块,600403,大有能源
河南板块,600207,安彩高科
河南板块,002132,恒星科技
河南板块,000949,新乡化纤
河南板块,002189,中光学
河南板块,834407,驰诚股份
河南板块,002601,龙佰集团
河南板块,601717,郑煤机
河南板块,601038,一拖股份
河南板块,000400,许继电气
河南板块,301182,凯旺科技
河南板块,000612,焦作万方
河南板块,300080,易成新能
河南板块,605368,蓝天燃气
河南板块,002613,北玻股份
河南板块,601666,平煤股份
河南板块,600810,神马股份
河南板块,002179,中航光电
河南板块,300179,四方达
河南板块,300248,新开普
河南板块,688119,中钢洛耐
河南板块,600121,郑州煤电
河南板块,002407,多氟多
河南板块,835207,众诚科技
河南板块,833580,科创新材
河南板块,839725,惠丰钻石
河南板块,300481,濮阳惠成
河南板块,000885,城发环境
河南板块,603508,思维列控
河南板块,002296,辉煌科技
河南板块,002225,濮耐股份
河南板块,300701,森霸传感
河南板块,002358,森源电气
河南板块,838402,硅烷科技
河南板块,300732,设研院
河南板块,603993,洛阳钼业
河南板块,002536,飞龙股份
河南板块,300259,新天科技
河南板块,601677,明泰铝业
河南板块,603658,安图生物
河南板块,300013,新宁物流
河南板块,000544,中原环保
河南板块,600569,安阳钢铁
河南板块,300845,捷安高科
河南板块,301361,众智科技
河南板块,600066,宇通客车
河南板块,600817,宇通重工
河南板块,002406,远东传动
河南板块,300807,天迈科技
河南板块,000933,神火股份
河南板块,300007,汉威科技
河南板块,832175,东方碳素
河南板块,600469,风神股份
河南板块,003008,开普检测
河南板块,002857,三晖电气
河南板块,000719,中原传媒
河南板块,002448,中原内配
河南板块,600595,中孚实业
河南板块,600531,豫光金铅
海南板块,002693,双成药业
海南板块,000566,海南海药
海南板块,002865,钧达股份
海南板块,688676,金盘科技
海南板块,300086,康芝药业
海南板块,605199,葫芦娃
海南板块,300630,普利制药
海南板块,600515,海南机场
海南板块,300189,神农科技
海南板块,600238,海南椰岛
海南板块,000505,京粮控股
海南板块,000567,海德股份
海南板块,000735,罗 牛 山
海南板块,603069,海汽集团
海南板块,601969,海南矿业
海南板块,601118,海南橡胶
海南板块,600259,广晟有色
海南板块,600221,海航控股
海南板块,000886,海南高速
海南板块,000657,中钨高新
海南板块,002320,海峡股份
海南板块,000571,新大洲A
海南板块,000955,欣龙控股
海南板块,600759,ST洲际
海南板块,000796,*ST凯撒
海南板块,000572,海马汽车
海南板块,000793,华闻集团
海南板块,002596,海南瑞泽
湖北板块,600136,*ST明诚
湖北板块,601162,天风证券
湖北板块,600079,人福医药
湖北板块,603719,良品铺子
湖北板块,300683,海特生物
湖北板块,000627,天茂集团
湖北板块,301211,亨迪药业
湖北板块,688646,C逸飞
湖北板块,000783,长江证券
湖北板块,839273,一致魔芋
湖北板块,600998,九州通
湖北板块,300966,共同药业
湖北板块,605388,均瑶健康
湖北板块,600993,马应龙
湖北板块,300567,精测电子
湖北板块,688387,信科移动-U
湖北板块,300220,ST金运
湖北板块,002932,明德生物
湖北板块,301246,宏源药业
湖北板块,600769,祥龙电业
湖北板块,300018,中元股份
湖北板块,301183,东田微
湖北板块,000902,新洋丰
湖北板块,830779,武汉蓝电
湖北板块,000821,京山轻机
湖北板块,600745,闻泰科技
湖北板块,600566,济川药业
湖北板块,600774,汉商集团
湖北板块,300776,帝尔激光
湖北板块,600703,三安光电
湖北板块,002305,南国置业
湖北板块,000952,广济药业
湖北板块,300516,久之洋
湖北板块,600298,安琪酵母
湖北板块,300871,回盛生物
湖北板块,000852,石化机械
湖北板块,839946,华阳变速
湖北板块,000966,长源电力
湖北板块,000926,福星股份
湖北板块,002971,和远气体
湖北板块,688089,嘉必优
湖北板块,301048,金鹰重工
湖北板块,000883,湖北能源
湖北板块,600133,东湖高新
湖北板块,301127,天源环保
湖北板块,002950,奥美医疗
湖北板块,600885,宏发股份
湖北板块,688667,菱电电控
湖北板块,837174,宏裕包材
湖北板块,603281,江瀚新材
湖北板块,600568,ST中珠
湖北板块,600168,武汉控股
湖北板块,300205,天喻信息
湖北板块,000670,盈方微
湖北板块,000520,长航凤凰
湖北板块,300161,华中数控
湖北板块,688526,科前生物
湖北板块,688081,兴图新科
湖北板块,301235,华康医疗
湖北板块,836942,恒立钻具
湖北板块,688038,中科通达
湖北板块,600184,光电股份
湖北板块,300184,力源信息
湖北板块,600681,百川能源
湖北板块,600141,兴发集团
湖北板块,000785,居然之家
湖北板块,300527,中船应急
湖北板块,000615,*ST美谷
湖北板块,600345,长江通信
湖北板块,600801,华新水泥
湖北板块,300046,台基股份
湖北板块,002627,三峡旅游
湖北板块,603950,长源东谷
湖北板块,000759,中百集团
湖北板块,688275,万润新能
湖北板块,600498,烽火通信
湖北板块,000501,武商集团
湖北板块,000708,中信特钢
湖北板块,603067,振华股份
湖北板块,601311,骆驼股份
湖北板块,301205,联特科技
湖北板块,603738,泰晶科技
湖北板块,600035,楚天高速
湖北板块,002962,五方光电
湖北板块,600976,健民集团
湖北板块,688151,华强科技
湖北板块,600879,航天电子
湖北板块,600462,ST九有
湖北板块,300041,回天新材
湖北板块,000971,ST高升
湖北板块,000826,启迪环境
湖北板块,002414,高德红外
湖北板块,838670,恒进感应
湖北板块,603220,中贝通信
湖北板块,601956,东贝集团
湖北板块,430198,微创光电
湖北板块,002159,三特索道
湖北板块,002194,武汉凡谷
湖北板块,601869,长飞光纤
湖北板块,002281,光迅科技
湖北板块,000707,双环科技
湖北板块,300387,富邦股份
湖北板块,600654,ST中安
湖北板块,000665,湖北广电
湖北板块,600107,美尔雅
湖北板块,000422,湖北宜化
湖北板块,002365,永安药业
湖北板块,002694,顾地科技
湖北板块,000553,安道麦A
湖北板块,002072,凯瑞德
湖北板块,300536,农尚环境
湖北板块,300323,华灿光电
湖北板块,688237,超卓航科
湖北板块,002783,凯龙股份
湖北板块,688552,航天南湖
湖北板块,300054,鼎龙股份
湖北板块,600757,长江传媒
湖北板块,300278,华昌达
湖北板块,688143,长盈通
湖北板块,600006,东风汽车
湖北板块,300494,盛天网络
湖北板块,001267,汇绿生态
湖北板块,603716,塞力医疗
湖北板块,300747,锐科激光
湖北板块,688156,路德环境
湖北板块,600293,三峡新材
湖北板块,002861,瀛通通讯
湖北板块,300276,三丰智能
湖北板块,300557,理工光科
湖北板块,300980,祥源新材
湖北板块,300971,博亚精工
湖北板块,301150,中一科技
湖北板块,873305,九菱科技
湖北板块,300395,菲利华
湖北板块,300517,海波重科
湖北板块,600421,华嵘控股
湖北板块,688665,四方光电
湖北板块,000988,华工科技
湖北板块,000678,襄阳轴承
湖北板块,301192,泰祥股份
湖北板块,600355,精伦电子
湖北板块,301221,光庭信息
湖北板块,002377,国创高新
湖南板块,000908,景峰医药
湖南板块,601901,方正证券
湖南板块,002251,步 步 高
湖南板块,603721,中广天择
湖南板块,600257,大湖股份
湖南板块,603883,老百姓
湖南板块,300740,水羊股份
湖南板块,603939,益丰药房
湖南板块,000799,酒鬼酒
湖南板块,300358,楚天科技
湖南板块,002549,凯美特气
湖南板块,003000,劲仔食品
湖南板块,603517,绝味食品
湖南板块,002505,鹏都农牧
湖南板块,002412,汉森制药
湖南板块,000590,启迪药业
湖南板块,600127,金健米业
湖南板块,002650,加加食品
湖南板块,601577,长沙银行
湖南板块,600390,五矿资本
湖南板块,300515,三德科技
湖南板块,000989,九 芝 堂
湖南板块,002661,克明食品
湖南板块,002852,道道全
湖南板块,301126,达嘉维康
湖南板块,688100,威胜信息
湖南板块,300267,尔康制药
湖南板块,600479,千金药业
湖南板块,000504,南华生物
湖南板块,688189,南新制药
湖南板块,300338,ST开元
湖南板块,603998,方盛制药
湖南板块,300298,三诺生物
湖南板块,301087,可孚医疗
湖南板块,000548,湖南投资
湖南板块,300672,国科微
湖南板块,002843,泰嘉股份
湖南板块,688187,时代电气
湖南板块,300268,*ST佳沃
湖南板块,872351,华光源海
湖南板块,300866,安克创新
湖南板块,688289,圣湘生物
湖南板块,300800,力合科技
湖南板块,300015,爱尔眼科
湖南板块,300474,景嘉微
湖南板块,600975,新五丰
湖南板块,601098,中南传媒
湖南板块,300433,蓝思科技
湖南板块,300705,九典制药
湖南板块,300413,芒果超媒
湖南板块,002982,湘佳股份
湖南板块,002567,唐人神
湖南板块,688799,华纳药厂
湖南板块,600458,时代新材
湖南板块,002125,湘潭电化
湖南板块,000157,中联重科
湖南板块,002903,宇环数控
湖南板块,600599,ST熊猫
湖南板块,301109,军信股份
湖南板块,000519,中兵红箭
湖南板块,603989,艾华集团
湖南板块,001218,丽臣实业
湖南板块,688779,长远锂科
湖南板块,600969,郴电国际
湖南板块,600963,岳阳林纸
湖南板块,600744,华银电力
湖南板块,002277,友阿股份
湖南板块,002113,*ST天润
湖南板块,000702,正虹科技
湖南板块,000428,华天酒店
湖南板块,688152,麒麟信安
湖南板块,000998,隆平高科
湖南板块,301358,湖南裕能
湖南板块,002096,易普力
湖南板块,600478,科力远
湖南板块,000917,电广传媒
湖南板块,000819,岳阳兴长
湖南板块,300730,科创信息
湖南板块,688425,铁建重工
湖南板块,000622,恒立实业
湖南板块,835174,五新隧装
湖南板块,000722,湖南发展
湖南板块,871634,新威凌
湖南板块,300123,亚光科技
湖南板块,601636,旗滨集团
湖南板块,301259,艾布鲁
湖南板块,300530,领湃科技
湖南板块,301118,恒光股份
湖南板块,688598,金博股份
湖南板块,603353,和顺石油
湖南板块,301232,飞沃科技
湖南板块,000900,现代投资
湖南板块,002986,宇新股份
湖南板块,688433,华曙高科
湖南板块,600929,雪天盐业
湖南板块,002554,惠博普
湖南板块,603959,百利科技
湖南板块,001216,华瓷股份
湖南板块,301079,邵阳液压
湖南板块,688157,松井股份
湖南板块,000932,华菱钢铁
湖南板块,002523,天桥起重
湖南板块,838030,德众汽车
湖南板块,600476,湘邮科技
湖南板块,002397,梦洁股份
湖南板块,603319,湘油泵
湖南板块,002155,湖南黄金
湖南板块,300726,宏达电子
湖南板块,000430,张家界
湖南板块,002716,金贵银业
湖南板块,300187,永清环保
湖南板块,688523,航天环宇
湖南板块,300209,ST有棵树
湖南板块,600156,华升股份
湖南板块,300345,华民股份
湖南板块,600416,湘电股份
湖南板块,300035,中科电气
湖南板块,300490,华自科技
湖南板块,002943,宇晶股份
湖南板块,300665,飞鹿股份
湖南板块,300700,岱勒新材
湖南板块,600698,湖南天雁
湖南板块,002297,博云新材
湖南板块,688067,爱威科技
湖南板块,002452,长高电新
湖南板块,002848,高斯贝尔
湖南板块,002892,科力尔
湖南板块,002913,奥士康
湖南板块,000419,通程控股
湖南板块,600731,湖南海利
湖南板块,002097,山河智能
湖南板块,300148,天舟文化
湖南板块,002261,拓维信息
湖南板块,600961,株冶集团
湖南板块,688059,华锐精密
湖南板块,688480,赛恩斯
湖南板块,001208,华菱线缆
湖南板块,833751,惠同新材
湖南板块,688308,欧科亿
湖南板块,002847,盐津铺子
湖南板块,300592,华凯易佰
湖南板块,002879,长缆科技
湖南板块,002533,金杯电工
黑龙江,600095,湘财股份
黑龙江,002437,誉衡药业
黑龙江,002698,博实股份
黑龙江,002900,哈三联
黑龙江,600864,哈投股份
黑龙江,600664,哈药股份
黑龙江,002737,葵花药业
黑龙江,600705,中航产融
黑龙江,000711,*ST京蓝
黑龙江,301227,森鹰窗业
黑龙江,600829,人民同泰
黑龙江,600371,万向德农
黑龙江,600811,东方集团
黑龙江,600726,华电能源
黑龙江,603567,珍宝岛
黑龙江,600179,安通控股
黑龙江,600598,北大荒
黑龙江,600038,中直股份
黑龙江,688459,哈铁科技
黑龙江,600666,ST瑞德
黑龙江,600289,ST信通
黑龙江,300040,九洲集团
黑龙江,601106,中国一重
黑龙江,600182,S佳通
黑龙江,605577,龙版传媒
黑龙江,000901,航天科技
黑龙江,600356,恒丰纸业
黑龙江,600187,国中水务
黑龙江,301371,C敷尔佳
黑龙江,601011,宝泰隆
黑龙江,300489,光智科技
黑龙江,601188,龙江交通
黑龙江,600853,龙建股份
黑龙江,000922,佳电股份
黑龙江,600202,哈空调
黑龙江,603023,威帝股份
黑龙江,688011,新光光电
黑龙江,300900,广联航空
黑龙江,000985,大庆华科
黑龙江,600178,东安动力
吉林板块,300510,金冠股份
吉林板块,000766,通化金马
吉林板块,831726,朱老六
吉林板块,002316,亚联发展
吉林板块,000686,东北证券
吉林板块,600365,ST通葡
吉林板块,003029,吉大正元
吉林板块,301130,西点药业
吉林板块,688276,百克生物
吉林板块,002622,皓宸医疗
吉林板块,600881,亚泰集团
吉林板块,603559,ST通脉
吉林板块,000638,万方发展
吉林板块,002566,益盛药业
吉林板块,000623,吉林敖东
吉林板块,000718,苏宁环球
吉林板块,600867,通化东宝
吉林板块,601929,吉视传媒
吉林板块,000661,长春高新
吉林板块,300108,*ST吉药
吉林板块,600333,长春燃气
吉林板块,002338,奥普光电
吉林板块,300396,迪瑞医疗
吉林板块,600215,派斯林
吉林板块,603099,长白山
吉林板块,000928,中钢国际
吉林板块,600360,华微电子
吉林板块,002118,*ST紫鑫
吉林板块,000875,吉电股份
吉林板块,000800,一汽解放
吉林板块,600189,泉阳泉
吉林板块,600697,欧亚集团
吉林板块,000545,金浦钛业
吉林板块,601518,吉林高速
吉林板块,000669,ST金鸿
吉林板块,300985,致远新能
吉林板块,300597,吉大通信
吉林板块,600110,诺德股份
吉林板块,600742,一汽富维
吉林板块,836077,吉林碳谷
吉林板块,000546,ST金圆
吉林板块,002501,利源股份
吉林板块,688378,奥来德
吉林板块,000030,富奥股份
吉林板块,000420,吉林化纤
吉林板块,600148,长春一东
吉林板块,002232,启明信息
吉林板块,300923,研奥股份
吉林板块,601279,英利汽车
江苏板块,301518,N长华
江苏板块,300169,天晟新材
江苏板块,301386,未来电器
江苏板块,601456,国联证券
江苏板块,603828,柯利达
江苏板块,002610,爱康科技
江苏板块,688046,药康生物
江苏板块,600280,中央商场
江苏板块,603125,常青科技
江苏板块,002349,精华制药
江苏板块,301106,骏成科技
江苏板块,601555,东吴证券
江苏板块,688137,近岸蛋白
江苏板块,002262,恩华药业
江苏板块,871396,常辅股份
江苏板块,688516,奥特维
江苏板块,603985,恒润股份
江苏板块,688097,博众精工
江苏板块,603259,药明康德
江苏板块,301116,益客食品
江苏板块,300751,迈为股份
江苏板块,300842,帝科股份
江苏板块,300757,罗博特科
江苏板块,301030,仕净科技
江苏板块,301076,新瀚新材
江苏板块,601155,新城控股
江苏板块,301505,苏州规划
江苏板块,688503,聚和材料
江苏板块,603707,健友股份
江苏板块,688496,清越科技
江苏板块,603351,威尔药业
江苏板块,688390,固德威
江苏板块,836422,润普食品
江苏板块,000518,四环生物
江苏板块,603185,弘元绿能
江苏板块,001236,弘业期货
江苏板块,605300,佳禾食品
江苏板块,833533,骏创科技
江苏板块,601688,华泰证券
江苏板块,301229,纽泰格
江苏板块,839371,欧福蛋业
江苏板块,601990,南京证券
江苏板块,603906,龙蟠科技
江苏板块,300725,药石科技
江苏板块,301287,康力源
江苏板块,688429,时创能源
江苏板块,688408,中信博
江苏板块,688258,卓易信息
江苏板块,301266,宇邦新材
江苏板块,830946,森萱医药
江苏板块,688399,硕世生物
江苏板块,600200,江苏吴中
江苏板块,600533,栖霞建设
江苏板块,002787,华源控股
江苏板块,688588,凌志软件
江苏板块,000961,中南建设
江苏板块,688147,微导纳米
江苏板块,300279,和晶科技
江苏板块,688472,阿特斯
江苏板块,002550,千红制药
江苏板块,301220,亚香股份
江苏板块,301260,格力博
江苏板块,688052,纳芯微
江苏板块,688533,上声电子
江苏板块,688678,福立旺
江苏板块,688478,晶升股份
江苏板块,603629,利通电子
江苏板块,600716,凤凰股份
江苏板块,300450,先导智能
江苏板块,600901,江苏金租
江苏板块,002245,蔚蓝锂芯
江苏板块,002223,鱼跃医疗
江苏板块,603387,基蛋生物
江苏板块,600919,江苏银行
江苏板块,301258,富士莱
江苏板块,002435,长江健康
江苏板块,301168,通灵股份
江苏板块,688690,纳微科技
江苏板块,300982,苏文电能
江苏板块,300952,恒辉安防
江苏板块,688226,威腾电气
江苏板块,300827,上能电气
江苏板块,301393,昊帆生物
江苏板块,002839,张家港行
江苏板块,301290,东星医疗
江苏板块,603283,赛腾股份
江苏板块,688536,思瑞浦
江苏板块,688076,诺泰生物
江苏板块,000919,金陵药业
江苏板块,600406,国电南瑞
江苏板块,603212,赛伍技术
江苏板块,603323,苏农银行
江苏板块,600557,康缘药业
江苏板块,688426,康为世纪
江苏板块,002966,苏州银行
江苏板块,601128,常熟银行
江苏板块,600908,无锡银行
江苏板块,688259,创耀科技
江苏板块,301012,扬电科技
江苏板块,300261,雅本化学
江苏板块,688656,浩欧博
江苏板块,688060,云涌科技
江苏板块,301360,荣旗科技
江苏板块,600305,恒顺醋业
江苏板块,600713,南京医药
江苏板块,002623,亚玛顿
江苏板块,001234,泰慕士
江苏板块,600287,江苏舜天
江苏板块,833509,同惠电子
江苏板块,600513,联环药业
江苏板块,300664,鹏鹞环保
江苏板块,301278,快可电子
江苏板块,839167,同享科技
江苏板块,002807,江阴银行
江苏板块,688631,莱斯信息
江苏板块,300959,线上线下
江苏板块,603097,江苏华辰
江苏板块,002409,雅克科技
江苏板块,600527,江南高纤
江苏板块,301101,明月镜片
江苏板块,000301,东方盛虹
江苏板块,600300,维维股份
江苏板块,688116,天奈科技
江苏板块,002514,宝馨科技
江苏板块,600389,江山股份
江苏板块,601512,中新集团
江苏板块,002304,洋河股份
江苏板块,600481,双良节能
江苏板块,300584,海辰药业
江苏板块,600510,黑牡丹
江苏板块,688300,联瑞新材
江苏板块,600064,南京高科
江苏板块,000525,ST红太阳
江苏板块,688353,华盛锂电
江苏板块,601009,南京银行
江苏板块,603115,海星股份
江苏板块,603688,石英股份
江苏板块,002531,天顺风能
江苏板块,002172,澳洋健康
江苏板块,688531,日联科技
江苏板块,688105,诺唯赞
江苏板块,601133,柏诚股份
江苏板块,300936,中英科技
江苏板块,688001,华兴源创
江苏板块,688221,前沿生物-U
江苏板块,002747,埃斯顿
江苏板块,002044,美年健康
江苏板块,688192,迪哲医药-U
江苏板块,600736,苏州高新
江苏板块,301310,鑫宏业
江苏板块,600770,综艺股份
江苏板块,603369,今世缘
江苏板块,688599,天合光能
江苏板块,603879,永悦科技
江苏板块,688539,高华科技
江苏板块,603137,恒尚节能
江苏板块,605376,博迁新材
江苏板块,300753,爱朋医疗
江苏板块,300029,ST天龙
江苏板块,688113,联测科技
江苏板块,601952,苏垦农发
江苏板块,301155,海力风电
江苏板块,300393,中来股份
江苏板块,300292,吴通控股
江苏板块,839790,联迪信息
江苏板块,688205,德科立
江苏板块,002150,通润装备
江苏板块,835305,云创数据
江苏板块,688329,艾隆科技
江苏板块,603776,永安行
江苏板块,002104,恒宝股份
江苏板块,688355,明志科技
江苏板块,002453,华软科技
江苏板块,600220,江苏阳光
江苏板块,688106,金宏气体
江苏板块,002387,维信诺
江苏板块,600970,中材国际
江苏板块,300933,中辰股份
江苏板块,603313,梦百合
江苏板块,836720,吉冈精密
江苏板块,605099,共创草坪
江苏板块,002221,东华能源
江苏板块,603990,麦迪科技
江苏板块,301045,天禄科技
江苏板块,601928,凤凰传媒
江苏板块,300708,聚灿光电
江苏板块,600282,南钢股份
江苏板块,832735,德源药业
江苏板块,601218,吉鑫科技
江苏板块,002309,ST中利
江苏板块,688260,昀冢科技
江苏板块,603890,春秋电子
江苏板块,001324,长青科技
江苏板块,873339,恒太照明
江苏板块,301122,采纳股份
江苏板块,688700,东威科技
江苏板块,688633,星球石墨
江苏板块,603880,ST南卫
江苏板块,603486,科沃斯
江苏板块,301058,中粮科工
江苏板块,603519,立霸股份
江苏板块,600327,大东方
江苏板块,002081,金 螳 螂
江苏板块,688337,普源精电
江苏板块,002413,雷科防务
江苏板块,301210,金杨股份
江苏板块,000035,中国天楹
江苏板块,870436,大地电气
江苏板块,872392,佳合科技
江苏板块,600486,扬农化工
江苏板块,688295,中复神鹰
江苏板块,300809,华辰装备
江苏板块,002478,常宝股份
江苏板块,600268,国电南自
江苏板块,002608,江苏国信
江苏板块,300709,精研科技
江苏板块,002455,百川股份
江苏板块,002530,金财互联
江苏板块,600377,宁沪高速
江苏板块,688375,国博电子
江苏板块,600475,华光环能
江苏板块,688488,艾迪药业
江苏板块,688273,麦澜德
江苏板块,002080,中材科技
江苏板块,688017,绿的谐波
江苏板块,603017,中衡设计
江苏板块,837006,晟楠科技
江苏板块,301023,江南奕帆
江苏板块,301179,泽宇智能
江苏板块,601100,恒立液压
江苏板块,600562,国睿科技
江苏板块,688508,芯朋微
江苏板块,688103,国力股份
江苏板块,834014,特瑞斯
江苏板块,832278,鹿得医疗
江苏板块,831834,三维股份
江苏板块,605183,确成股份
江苏板块,603136,天目湖
江苏板块,601860,紫金银行
江苏板块,601700,风范股份
江苏板块,600959,江苏有线
江苏板块,600844,丹化科技
江苏板块,600501,航天晨光
江苏板块,600400,红豆股份
江苏板块,301238,瑞泰新材
江苏板块,301078,孩子王
江苏板块,300555,ST路通
江苏板块,300217,东方电热
江苏板块,002652,扬子新材
江苏板块,002547,春兴精工
江苏板块,002496,辉丰股份
江苏板块,002438,江苏神通
江苏板块,002091,江苏国泰
江苏板块,002075,沙钢股份
江苏板块,000910,大亚圣象
江苏板块,300856,科思股份
江苏板块,600276,恒瑞医药
江苏板块,002182,云海金属
江苏板块,603163,圣晖集成
江苏板块,001332,锡装股份
江苏板块,834950,迅安科技
江苏板块,300864,南大环境
江苏板块,300575,中旗股份
江苏板块,300390,天华新能
江苏板块,601890,亚星锚链
江苏板块,002947,恒铭达
江苏板块,300623,捷捷微电
江苏板块,688502,茂莱光学
江苏板块,603968,醋化股份
江苏板块,603358,华达科技
江苏板块,688601,力芯微
江苏板块,300777,中简科技
江苏板块,605133,嵘泰股份
江苏板块,600667,太极实业
江苏板块,002391,长青股份
江苏板块,600746,江苏索普
江苏板块,002040,南 京 港
江苏板块,000777,中核科技
江苏板块,688166,博瑞医药
江苏板块,600925,苏能股份
江苏板块,688176,亚虹医药-U
江苏板块,000738,航发控制
江苏板块,688186,广大特材
江苏板块,688266,泽璟制药-U
江苏板块,605286,同力日升
江苏板块,605123,派克新材
江苏板块,836699,海达尔
江苏板块,603299,苏盐井神
江苏板块,300260,新莱应材
江苏板块,300806,斯迪克
江苏板块,301093,华兰股份
江苏板块,300970,华绿生物
江苏板块,601008,连云港
江苏板块,831641,格利尔
江苏板块,603507,振江股份
江苏板块,871245,威博液压
江苏板块,002165,红 宝 丽
江苏板块,300190,维尔利
江苏板块,870299,灿能电力
江苏板块,688698,伟创电气
江苏板块,836149,旭杰科技
江苏板块,300201,海伦哲
江苏板块,603188,亚邦股份
江苏板块,002692,ST远程
江苏板块,300670,大烨智能
江苏板块,603090,宏盛股份
江苏板块,301090,华润材料
江苏板块,603016,新宏泰
江苏板块,603916,苏博特
江苏板块,871642,通易航天
江苏板块,002722,物产金轮
江苏板块,301006,迈拓股份
江苏板块,002201,正威新材
江苏板块,000816,智慧农业
江苏板块,603722,阿科力
江苏板块,600981,汇鸿集团
江苏板块,832802,保丽洁
江苏板块,300385,雪浪环境
江苏板块,300631,久吾高科
江苏板块,300761,立华股份
江苏板块,300141,和顺电气
江苏板块,300907,康平科技
江苏板块,301186,超达装备
江苏板块,688566,吉贝尔
江苏板块,300160,秀强股份
江苏板块,600584,长电科技
江苏板块,603829,洛凯股份
江苏板块,688030,山石网科
江苏板块,603065,宿迁联盛
江苏板块,601010,文峰股份
江苏板块,600370,三房巷
江苏板块,603355,莱克电气
江苏板块,603078,江化微
江苏板块,002546,新联电子
江苏板块,603179,新泉股份
江苏板块,601222,林洋能源
江苏板块,301088,戎美股份
江苏板块,603585,苏利股份
江苏板块,688257,新锐股份
江苏板块,002079,苏州固锝
江苏板块,688211,中科微至
江苏板块,001205,盛航股份
江苏板块,603206,嘉环科技
江苏板块,688022,瀚川智能
江苏板块,603912,佳力图
江苏板块,003032,传智教育
江苏板块,833914,远航精密
江苏板块,430418,苏轴股份
江苏板块,000581,威孚高科
江苏板块,002293,罗莱生活
江苏板块,300354,东华测试
江苏板块,002484,江海股份
江苏板块,002645,华宏科技
江苏板块,603066,音飞储存
江苏板块,688055,龙腾光电
江苏板块,002796,世嘉科技
江苏板块,603699,纽威股份
江苏板块,605258,协和电子
江苏板块,603929,亚翔集成
江苏板块,002127,南极电商
江苏板块,002998,优彩资源
江苏板块,600775,南京熊猫
江苏板块,600487,亨通光电
江苏板块,300873,海晨股份
江苏板块,003015,日久光电
江苏板块,603201,常润股份
江苏板块,300537,广信材料
江苏板块,603876,鼎胜新材
江苏板块,002866,传艺科技
江苏板块,603052,可川科技
江苏板块,600854,春兰股份
江苏板块,603326,我乐家居
江苏板块,601199,江南水务
江苏板块,873593,鼎智科技
江苏板块,601975,招商南油
江苏板块,688711,宏微科技
江苏板块,688670,金迪克
江苏板块,603366,日出东方
江苏板块,601388,怡球资源
江苏板块,300320,海达股份
江苏板块,300617,安靠智电
江苏板块,002564,*ST天沃
江苏板块,603018,华设集团
江苏板块,688170,德龙激光
江苏板块,300382,斯莱克
江苏板块,300373,扬杰科技
江苏板块,603339,四方科技
江苏板块,603389,亚振家居
江苏板块,603693,江苏新能
江苏板块,688350,富淼科技
江苏板块,300196,长海股份
江苏板块,836221,易实精密
江苏板块,301010,晶雪节能
江苏板块,002883,中设股份
江苏板块,603900,莱绅通灵
江苏板块,600250,南纺股份
江苏板块,600710,苏美达
江苏板块,688689,银河微电
江苏板块,300215,电科院
江苏板块,603155,新亚强
江苏板块,603028,赛福天
江苏板块,300240,飞力达
江苏板块,603269,海鸥股份
江苏板块,832089,禾昌聚合
江苏板块,002367,康力电梯
江苏板块,002635,安洁科技
江苏板块,603042,华脉科技
江苏板块,688450,光格科技
江苏板块,300466,赛摩智能
江苏板块,002002,鸿达兴业
江苏板块,002156,通富微电
江苏板块,603111,康尼机电
江苏板块,300172,中电环保
江苏板块,300651,金陵体育
江苏板块,002516,旷达科技
江苏板块,605111,新洁能
江苏板块,688013,天臣医疗
江苏板块,603530,神马电力
江苏板块,002808,ST恒久
江苏板块,301272,英华特
江苏板块,688685,迈信林
江苏板块,603666,亿嘉和
江苏板块,300964,本川智能
江苏板块,300265,通光线缆
江苏板块,002255,海陆重工
江苏板块,603819,神力股份
江苏板块,002315,焦点科技
江苏板块,300337,银邦股份
江苏板块,603528,多伦科技
江苏板块,605167,利柏特
江苏板块,605218,伟时电子
江苏板块,688381,帝奥微
江苏板块,000421,南京公用
江苏板块,000936,华西股份
江苏板块,301063,海锅股份
江苏板块,300641,正丹股份
江苏板块,002333,罗普斯金
江苏板块,300031,宝通科技
江苏板块,603878,武进不锈
江苏板块,002802,洪汇新材
江苏板块,837046,亿能电力
江苏板块,603183,建研院
江苏板块,300228,富瑞特装
江苏板块,301163,宏德股份
江苏板块,603922,金鸿顺
江苏板块,300447,全信股份
江苏板块,600794,保税科技
江苏板块,603955,大千生态
江苏板块,603626,科森科技
江苏板块,301061,匠心家居
江苏板块,688178,万德斯
江苏板块,688558,国盛智科
江苏板块,002274,华昌化工
江苏板块,600682,南京新百
江苏板块,300660,江苏雷利
江苏板块,600805,悦达投资
江苏板块,603291,联合水务
江苏板块,300342,天银机电
江苏板块,688371,菲沃泰
江苏板块,301226,祥明智能
江苏板块,300782,卓胜微
江苏板块,603660,苏州科达
江苏板块,603489,八方股份
江苏板块,300416,苏试试验
江苏板块,300721,怡达股份
江苏板块,870204,沪江材料
江苏板块,688096,京源环保
江苏板块,688607,康众医疗
江苏板块,301187,欧圣电气
江苏板块,000626,远大控股
江苏板块,300905,宝丽迪
江苏板块,688697,纽威数控
江苏板块,605333,沪光股份
江苏板块,002015,协鑫能科
江苏板块,688231,隆达股份
江苏板块,300554,三超新材
江苏板块,300402,宝色股份
江苏板块,832662,方盛股份
江苏板块,600889,南京化纤
江苏板块,002160,常铝股份
江苏板块,000425,徐工机械
江苏板块,605389,长龄液压
江苏板块,000570,苏常柴Ａ
江苏板块,300600,国瑞科技
江苏板块,002009,天奇股份
江苏板块,002778,中晟高科
江苏板块,688069,德林海
江苏板块,301040,中环海陆
江苏板块,300284,苏交科
江苏板块,688580,伟思医疗
江苏板块,301115,建科股份
江苏板块,301215,中汽股份
江苏板块,300715,凯伦股份
江苏板块,002380,科远智慧
江苏板块,688286,敏芯股份
江苏板块,603380,易德龙
江苏板块,002483,润邦股份
江苏板块,002394,联发股份
江苏板块,301180,万祥科技
江苏板块,300655,晶瑞电材
江苏板块,603655,朗博科技
江苏板块,688377,迪威尔
江苏板块,300618,寒锐钴业
江苏板块,002540,亚太科技
江苏板块,002576,通达动力
江苏板块,301003,江苏博云
江苏板块,601500,通用股份
江苏板块,300881,盛德鑫泰
江苏板块,605058,澳弘电子
江苏板块,002384,东山精密
江苏板块,002239,奥特佳
江苏板块,603915,国茂股份
江苏板块,603117,ST万林
江苏板块,300507,苏奥传感
江苏板块,600128,苏豪弘业
江苏板块,002877,智能自控
江苏板块,603035,常熟汽饰
江苏板块,603680,今创集团
江苏板块,838262,太湖雪
江苏板块,301285,鸿日达
江苏板块,600398,海澜之家
江苏板块,688029,南微医学
江苏板块,300128,锦富技术
江苏板块,603982,泉峰汽车
江苏板块,002734,利民股份
江苏板块,003043,华亚智能
江苏板块,002976,瑞玛精密
江苏板块,688003,天准科技
江苏板块,603416,信捷电气
江苏板块,688661,和林微纳
江苏板块,300580,贝斯特
江苏板块,000551,创元科技
江苏板块,300522,世名科技
江苏板块,300339,润和软件
江苏板块,603036,如通股份
江苏板块,002559,亚威股份
江苏板块,001373,翔腾新材
江苏板块,002445,中南文化
江苏板块,300346,南大光电
江苏板块,300680,隆盛科技
江苏板块,688048,长光华芯
江苏板块,688510,航亚科技
江苏板块,600078,ST澄星
江苏板块,603133,*ST碳元
江苏板块,300500,启迪设计
江苏板块,002090,金智科技
江苏板块,300742,*ST越博
江苏板块,601007,金陵饭店
江苏板块,002519,银河电子
江苏板块,002553,南方精工
江苏板块,688800,瑞可达
江苏板块,600083,博信股份
江苏板块,603161,科华控股
江苏板块,605288,凯迪股份
江苏板块,688376,美埃科技
江苏板块,871694,中裕科技
江苏板块,603928,兴业股份
江苏板块,002685,华东重机
江苏板块,300610,晨化股份
江苏板块,603359,东珠生态
江苏板块,603013,亚普股份
江苏板块,837663,明阳科技
江苏板块,603059,倍加洁
江苏板块,688262,国芯科技
江苏板块,301036,双乐股份
江苏板块,603221,爱丽家居
江苏板块,603041,美思德
江苏板块,603958,哈森股份
江苏板块,688218,江苏北人
江苏板块,300528,幸福蓝海
江苏板块,603286,日盈电子
江苏板块,000681,视觉中国
江苏板块,002491,通鼎互联
江苏板块,301098,金埔园林
江苏板块,300798,锦鸡股份
江苏板块,603332,苏州龙杰
江苏板块,301195,北路智控
江苏板块,605588,冠石科技
江苏板块,301026,浩通科技
江苏板块,603007,ST花王
江苏板块,300509,新美星
江苏板块,603787,新日股份
江苏板块,688515,裕太微-U
江苏板块,688232,新点软件
江苏板块,600862,中航高科
江苏板块,603988,中电电机
江苏板块,000700,模塑科技
江苏板块,301339,通行宝
江苏板块,000727,冠捷科技
江苏板块,300931,通用电梯
江苏板块,300598,诚迈科技
江苏板块,603005,晶方科技
江苏板块,605089,味知香
江苏板块,603810,丰山集团
江苏板块,600213,亚星客车
江苏板块,603966,法兰泰克
江苏板块,002513,蓝丰生化
江苏板块,300926,博俊科技
江苏板块,300305,裕兴股份
江苏板块,301016,雷尔伟
江苏板块,300549,优德精密
江苏板块,300331,苏大维格
江苏板块,300585,奥联电子
江苏板块,688182,灿勤科技
江苏板块,002708,光洋股份
江苏板块,300295,三六五网
江苏板块,300927,江天化学
江苏板块,603203,快克智能
江苏板块,301160,翔楼新材
江苏板块,300258,精锻科技
江苏板块,301170,锡南科技
江苏板块,300836,佰奥智能
江苏板块,300563,神宇股份
江苏板块,002024,ST易购
江苏板块,688225,亚信安全
江苏板块,002631,德尔未来
江苏板块,002585,双星新材
江苏板块,688535,华海诚科
江苏板块,835857,百甲科技
江苏板块,300211,亿通科技
江苏板块,300192,科德教育
江苏板块,688386,泛亚微透
江苏板块,688261,东微半导
江苏板块,301125,腾亚精工
江苏板块,603488,展鹏科技
江苏板块,603307,扬州金泉
江苏板块,301202,朗威股份
江苏板块,301389,隆扬电子
江苏板块,300421,力星股份
江苏板块,603518,锦泓集团
江苏板块,600099,林海股份
江苏板块,300644,南京聚隆
江苏板块,688358,祥生医疗
江苏板块,600522,中天科技
江苏板块,002077,大港股份
江苏板块,300420,五洋停车
江苏板块,300975,商络电子
江苏板块,300717,华信新材
江苏板块,300682,朗新科技
江苏板块,002395,双象股份
江苏板块,300135,宝利国际
江苏板块,300855,图南股份
江苏板块,301072,中捷精工
江苏板块,002463,沪电股份
江苏板块,603158,腾龙股份
江苏板块,301181,标榜股份
江苏板块,300165,天瑞仪器
江苏板块,300694,蠡湖股份
江苏板块,300912,凯龙高科
江苏板块,300819,聚杰微纤
江苏板块,301137,哈焊华通
江苏板块,301329,信音电子
江苏板块,300304,云意电气
江苏板块,002290,禾盛新材
江苏板块,605319,无锡振华
江苏板块,300091,金通灵
江苏板块,000584,ST工智
江苏板块,605298,必得科技
江苏板块,300707,威唐工业
江苏板块,300885,海昌新材
江苏板块,301378,通达海
江苏板块,300394,天孚通信
江苏板块,688448,磁谷科技
江苏板块,300697,电工合金
江苏板块,688093,世华科技
江苏板块,002089,*ST新海
江苏板块,002426,胜利精密
江苏板块,603937,丽岛新材
江苏板块,603800,道森股份
江苏板块,600973,宝胜股份
江苏板块,601799,星宇股份
江苏板块,300826,测绘股份
江苏板块,300429,强力新材
江苏板块,002471,中超控股
江苏板块,600105,永鼎股份
江苏板块,000890,法尔胜
江西板块,300399,天利科技
江西板块,002670,国盛金控
江西板块,301190,善水科技
江西板块,001318,阳光乳业
江西板块,300497,富祥药业
江西板块,002695,煌上煌
江西板块,600750,江中药业
江西板块,600053,九鼎投资
江西板块,300636,同和药业
江西板块,000650,仁和药业
江西板块,002529,海源复材
江西板块,688223,晶科能源
江西板块,600337,美克家居
江西板块,300294,博雅生物
江西板块,300787,海能实业
江西板块,000831,中国稀土
江西板块,301446,福事特
江西板块,000829,天音控股
江西板块,603398,沐邦高科
江西板块,300256,ST星星
江西板块,300453,三鑫医疗
江西板块,600358,国旅联合
江西板块,688057,金达莱
江西板块,873167,新赣江
江西板块,301132,满坤科技
江西板块,601778,晶科科技
江西板块,605188,国光连锁
江西板块,605399,晨光新材
江西板块,600269,赣粤高速
江西板块,000990,诚志股份
江西板块,000789,万年青
江西板块,600316,洪都航空
江西板块,688560,明冠新材
江西板块,002991,甘源食品
江西板块,600782,新钢股份
江西板块,600397,安源煤业
江西板块,300986,志特新材
江西板块,300722,新余国科
江西板块,002760,凤形股份
江西板块,603977,国泰集团
江西板块,002343,慈文传媒
江西板块,600228,返利科技
江西板块,600461,洪城环境
江西板块,603235,天新药业
江西板块,002460,赣锋锂业
江西板块,601065,江盐集团
江西板块,002176,江特电机
江西板块,833427,华维设计
江西板块,001366,播恩集团
江西板块,688543,国科军工
江西板块,000820,神雾节能
江西板块,600561,江西长运
江西板块,605090,九丰能源
江西板块,000899,赣能股份
江西板块,300066,三川智慧
江西板块,605366,宏柏新材
江西板块,000404,长虹华意
江西板块,001223,欧克科技
江西板块,300095,华伍股份
江西板块,000550,江铃汽车
江西板块,301176,逸豪新材
江西板块,300472,新元科技
江西板块,600373,中文传媒
江西板块,001360,南矿集团
江西板块,600590,泰豪科技
江西板块,600362,江西铜业
江西板块,301219,腾远钴业
江西板块,600507,方大特钢
江西板块,839719,宁新新材
江西板块,300748,金力永磁
江西板块,301383,天键股份
江西板块,688786,悦安新材
江西板块,600071,凤凰光学
江西板块,002068,黑猫股份
江西板块,600363,联创光电
江西板块,688567,孚能科技
江西板块,002378,章源钨业
江西板块,301083,百胜智能
江西板块,002748,世龙实业
江西板块,002036,联创电子
江西板块,300818,耐普矿机
江西板块,603773,沃格光电
江西板块,002157,*ST 正邦
江西板块,002591,恒大高新
江西板块,300906,日月明
辽宁板块,301509,N金凯
辽宁板块,836826,盖世食品
辽宁板块,600653,申华控股
辽宁板块,603396,金辰股份
辽宁板块,600303,ST曙光
辽宁板块,000818,航锦科技
辽宁板块,688267,中触媒
辽宁板块,000692,*ST惠天
辽宁板块,600719,大连热电
辽宁板块,835368,连城数控
辽宁板块,000597,东北制药
辽宁板块,301349,信德新材
辽宁板块,000809,铁岭新城
辽宁板块,301103,何氏眼科
辽宁板块,600233,圆通速递
辽宁板块,000679,大连友谊
辽宁板块,600739,辽宁成大
辽宁板块,688529,豪森股份
辽宁板块,002487,大金重工
辽宁板块,603866,桃李面包
辽宁板块,600167,联美控股
辽宁板块,603255,鼎际得
辽宁板块,603609,禾丰股份
辽宁板块,002069,獐子岛
辽宁板块,688305,科德数控
辽宁板块,600694,大商股份
辽宁板块,600346,恒力石化
辽宁板块,600125,铁龙物流
辽宁板块,601880,辽港股份
辽宁板块,600306,*ST商城
辽宁板块,002354,天娱数科
辽宁板块,600396,*ST金山
辽宁板块,688739,成大生物
辽宁板块,600399,抚顺特钢
辽宁板块,002667,威领股份
辽宁板块,600795,国电电力
辽宁板块,000881,中广核技
辽宁板块,002204,大连重工
辽宁板块,600609,金杯汽车
辽宁板块,300082,奥克股份
辽宁板块,600593,大连圣亚
辽宁板块,002606,大连电瓷
辽宁板块,600718,东软集团
辽宁板块,688409,富创精密
辽宁板块,603318,水发燃气
辽宁板块,600715,文投控股
辽宁板块,600231,凌钢股份
辽宁板块,300290,荣科科技
辽宁板块,002231,奥维通信
辽宁板块,000616,*ST海投
辽宁板块,838810,春光药装
辽宁板块,002952,亚世光电
辽宁板块,002621,美吉姆
辽宁板块,833455,汇隆活塞
辽宁板块,000059,华锦股份
辽宁板块,600190,锦州港
辽宁板块,839792,东和新材
辽宁板块,600758,辽宁能源
辽宁板块,600297,广汇汽车
辽宁板块,000761,本钢板材
辽宁板块,600241,时代万恒
辽宁板块,000898,鞍钢股份
辽宁板块,300573,兴齐眼药
辽宁板块,300125,聆达股份
辽宁板块,300758,七彩化学
辽宁板块,301100,风光股份
辽宁板块,688037,芯源微
辽宁板块,603360,百傲化学
辽宁板块,002731,萃华珠宝
辽宁板块,603399,吉翔股份
辽宁板块,300097,智云股份
辽宁板块,000698,沈阳化工
辽宁板块,002689,远大智能
辽宁板块,601999,出版传媒
辽宁板块,603315,福鞍股份
辽宁板块,300405,科隆股份
辽宁板块,000410,沈阳机床
辽宁板块,300210,森远股份
辽宁板块,688233,神工股份
辽宁板块,300293,蓝英装备
辽宁板块,300473,德尔股份
辽宁板块,300024,机器人
辽宁板块,000715,中兴商业
辽宁板块,688072,拓荆科技
辽宁板块,000751,锌业股份
辽宁板块,301007,德迈仕
辽宁板块,000530,冰山冷热
辽宁板块,002123,梦网科技
内蒙古,300239,东宝生物
内蒙古,600191,华资实业
内蒙古,300049,福瑞股份
内蒙古,600201,生物股份
内蒙古,601216,君正集团
内蒙古,600887,伊利股份
内蒙古,600277,亿利洁能
内蒙古,600010,包钢股份
内蒙古,002688,金河生物
内蒙古,836433,大唐药业
内蒙古,600863,内蒙华电
内蒙古,300355,蒙草生态
内蒙古,600111,北方稀土
内蒙古,600328,中盐化工
内蒙古,000975,银泰黄金
内蒙古,600967,内蒙一机
内蒙古,002128,电投能源
内蒙古,001203,大中矿业
内蒙古,600295,鄂尔多斯
内蒙古,603230,内蒙新华
内蒙古,600988,赤峰黄金
内蒙古,000683,远兴能源
内蒙古,600262,北方股份
内蒙古,000426,兴业银锡
内蒙古,001269,欧晶科技
宁夏板块,871478,巨能股份
宁夏板块,300967,晓鸣股份
宁夏板块,601619,嘉泽新能
宁夏板块,600785,新华百货
宁夏板块,000862,银星能源
宁夏板块,600449,宁夏建材
宁夏板块,000982,中银绒业
宁夏板块,831010,凯添燃气
宁夏板块,002457,青龙管业
宁夏板块,000815,美利云
宁夏板块,600989,宝丰能源
宁夏板块,000595,宝塔实业
宁夏板块,000557,西部创业
宁夏板块,000635,英 力 特
宁夏板块,600165,宁科生物
宁夏板块,000962,东方钽业
青海板块,600381,青海春天
青海板块,002646,天佑德酒
青海板块,600117,*ST西钢
青海板块,000792,盐湖股份
青海板块,000408,藏格矿业
青海板块,600243,青海华鼎
青海板块,603843,正平股份
青海板块,601168,西部矿业
青海板块,600869,远东股份
青海板块,600714,金瑞矿业
上海板块,300892,品渥食品
上海板块,600613,神奇制药
上海板块,600621,华鑫股份
上海板块,688293,奥浦迈
上海板块,300915,海融科技
上海板块,603918,金桥信息
上海板块,600851,海欣股份
上海板块,600530,*ST交昂
上海板块,688247,宣泰医药
上海板块,300059,东方财富
上海板块,688238,和元生物
上海板块,830799,艾融软件
上海板块,301228,实朴检测
上海板块,600748,上实发展
上海板块,301230,泓博医药
上海板块,688131,皓元医药
上海板块,600605,汇通能源
上海板块,688372,伟测科技
上海板块,688202,美迪西
上海板块,600837,海通证券
上海板块,300380,安硕信息
上海板块,002324,普利特
上海板块,688382,益方生物-U
上海板块,600958,东方证券
上海板块,601696,中银证券
上海板块,688680,海优新材
上海板块,688062,迈威生物-U
上海板块,600643,爱建集团
上海板块,601702,华峰铝业
上海板块,300762,上海瀚讯
上海板块,688179,阿拉丁
上海板块,601601,中国太保
上海板块,601788,光大证券
上海板块,603899,晨光股份
上海板块,600649,城投控股
上海板块,301060,兰卫医学
上海板块,300642,透景生命
上海板块,603122,合富中国
上海板块,600833,第一医药
上海板块,688107,安路科技
上海板块,688265,南模生物
上海板块,601519,大智慧
上海板块,600061,国投资本
上海板块,002252,上海莱士
上海板块,603868,飞科电器
上海板块,600827,XD百联股
上海板块,600196,复星医药
上海板块,301315,威士顿
上海板块,300171,东富龙
上海板块,601211,国泰君安
上海板块,603057,紫燕食品
上海板块,600882,妙可蓝多
上海板块,300061,旗天科技
上海板块,603777,来伊份
上海板块,600608,ST沪科
上海板块,300039,上海凯宝
上海板块,300511,雪榕生物
上海板块,688180,君实生物-U
上海板块,603565,中谷物流
上海板块,603108,润达医疗
上海板块,002568,百润股份
上海板块,688336,三生国健
上海板块,603886,元祖股份
上海板块,600601,方正科技
上海板块,605339,南侨食品
上海板块,300326,凯利泰
上海板块,600616,金枫酒业
上海板块,688392,骄成超声
上海板块,301166,优宁维
上海板块,605289,罗曼股份
上海板块,688391,钜泉科技
上海板块,600622,光大嘉宝
上海板块,601607,上海医药
上海板块,603501,韦尔股份
上海板块,600692,亚通股份
上海板块,688118,普元信息
上海板块,600097,开创国际
上海板块,601825,沪农商行
上海板块,688505,复旦张江
上海板块,688085,三友医疗
上海板块,605338,巴比食品
上海板块,688602,康鹏科技
上海板块,688766,普冉股份
上海板块,600597,光明乳业
上海板块,002028,思源电气
上海板块,603718,海利生物
上海板块,600606,绿地控股
上海板块,301024,霍普股份
上海板块,600272,开开实业
上海板块,601229,上海银行
上海板块,600741,华域汽车
上海板块,603330,天洋新材
上海板块,688596,正帆科技
上海板块,688373,盟科药业-U
上海板块,600094,大名城
上海板块,688160,步科股份
上海板块,688317,之江生物
上海板块,605398,新炬网络
上海板块,688018,乐鑫科技
上海板块,600000,浦发银行
上海板块,301257,普蕊斯
上海板块,600517,国网英大
上海板块,688121,卓然股份
上海板块,600663,陆家嘴
上海板块,688798,艾为电子
上海板块,600420,国药现代
上海板块,688012,中微公司
上海板块,300286,安科瑞
上海板块,600655,豫园股份
上海板块,300613,富瀚微
上海板块,601328,交通银行
上海板块,833346,威贸电子
上海板块,831305,海希通讯
上海板块,600624,复旦复华
上海板块,603170,宝立食品
上海板块,600638,新黄浦
上海板块,002211,宏达新材
上海板块,688082,盛美上海
上海板块,300253,卫宁健康
上海板块,300999,金龙鱼
上海板块,600708,光明地产
上海板块,300508,维宏股份
上海板块,300129,泰胜风能
上海板块,688213,思特威-W
上海板块,600648,外高桥
上海板块,600115,中国东航
上海板块,600836,上海易连
上海板块,002022,科华生物
上海板块,600019,宝钢股份
上海板块,600611,大众交通
上海板块,600639,浦东金桥
上海板块,300226,上海钢联
上海板块,601231,环旭电子
上海板块,688008,澜起科技
上海板块,603650,彤程新材
上海板块,600073,上海梅林
上海板块,300153,科泰电源
上海板块,688212,澳华内镜
上海板块,603659,璞泰来
上海板块,688507,索辰科技
上海板块,600642,申能股份
上海板块,603580,艾艾精工
上海板块,600732,爱旭股份
上海板块,688435,英方软件
上海板块,603466,风语筑
上海板块,600009,上海机场
上海板块,601828,美凯龙
上海板块,600210,紫江企业
上海板块,688538,和辉光电-U
上海板块,600835,上海机电
上海板块,688682,霍莱沃
上海板块,600604,市北高新
上海板块,600850,电科数字
上海板块,600834,申通地铁
上海板块,002506,协鑫集成
上海板块,600662,外服控股
上海板块,603020,爱普股份
上海板块,600688,上海石化
上海板块,600848,上海临港
上海板块,872541,铁大科技
上海板块,688335,复洁环保
上海板块,688063,派能科技
上海板块,688366,昊海生科
上海板块,301046,能辉科技
上海板块,600629,华建集团
上海板块,688163,赛伦生物
上海板块,688098,申联生物
上海板块,600816,ST建元
上海板块,603956,威派格
上海板块,601611,中国核建
上海板块,002162,悦心健康
上海板块,600618,氯碱化工
上海板块,300327,中颖电子
上海板块,600021,上海电力
上海板块,600623,华谊集团
上海板块,603192,汇得科技
上海板块,603232,格尔软件
上海板块,300245,天玑科技
上海板块,600641,万业企业
上海板块,688217,睿昂基因
上海板块,430139,华岭股份
上海板块,688193,仁度生物
上海板块,300501,海顺新材
上海板块,002401,中远海科
上海板块,600754,锦江酒店
上海板块,688660,电气风电
上海板块,688133,泰坦科技
上海板块,603881,数据港
上海板块,603681,永冠新材
上海板块,603030,*ST全筑
上海板块,601866,中远海发
上海板块,601156,东航物流
上海板块,600826,兰生股份
上海板块,600675,中华企业
上海板块,600637,东方明珠
上海板块,600635,大众公用
上海板块,600278,东方创业
上海板块,600151,航天机电
上海板块,600081,东风科技
上海板块,600072,中船科技
上海板块,002636,金安国纪
上海板块,002486,嘉麟杰
上海板块,600696,岩石股份
上海板块,600315,上海家化
上海板块,688188,柏楚电子
上海板块,600620,天宸股份
上海板块,300483,首华燃气
上海板块,605136,丽人丽妆
上海板块,600640,国脉文化
上海板块,605222,起帆电缆
上海板块,600171,上海贝岭
上海板块,603214,爱婴室
上海板块,002116,中国海诚
上海板块,605098,行动教育
上海板块,688608,恒玄科技
上海板块,600018,上港集团
上海板块,300008,天海防务
上海板块,603236,移远通信
上海板块,600661,昂立教育
上海板块,603189,网达软件
上海板块,301156,美农生物
上海板块,600824,益民集团
上海板块,603895,天永智能
上海板块,300378,鼎捷软件
上海板块,002178,延华智能
上海板块,002527,新时达
上海板块,300168,万达信息
上海板块,601200,上海环境
上海板块,600503,华丽家族
上海板块,002158,汉钟精机
上海板块,688271,联影医疗
上海板块,600820,隧道股份
上海板块,603003,龙宇股份
上海板块,688220,翱捷科技-U
上海板块,600170,上海建工
上海板块,688019,安集科技
上海板块,600845,宝信软件
上海板块,603855,华荣股份
上海板块,600026,中远海能
上海板块,300590,移为通信
上海板块,603256,宏和科技
上海板块,600628,新世界
上海板块,688479,友车科技
上海板块,600104,上汽集团
上海板块,300222,科大智能
上海板块,603365,水星家纺
上海板块,600846,同济科技
上海板块,601727,上海电气
上海板块,603068,博通集成
上海板块,600825,新华传媒
上海板块,688484,南芯科技
上海板块,002706,良信股份
上海板块,836414,欧普泰
上海板块,605050,福然德
上海板块,600679,上海凤凰
上海板块,603131,上海沪工
上海板块,603683,晶华新材
上海板块,000863,三湘印象
上海板块,600508,上海能源
上海板块,600650,锦江在线
上海板块,605186,健麾信息
上海板块,600320,振华重工
上海板块,605598,上海港湾
上海板块,603587,地素时尚
上海板块,600651,飞乐音响
上海板块,688099,晶晨股份
上海板块,603324,盛剑环境
上海板块,300469,信息发展
上海板块,603690,至纯科技
上海板块,688230,芯导科技
上海板块,601616,广电电气
上海板块,603633,徕木股份
上海板块,600150,中国船舶
上海板块,600636,国新文化
上海板块,001266,宏英智能
上海板块,002184,海得控制
上海板块,603128,华贸物流
上海板块,002195,二三四五
上海板块,605128,上海沿浦
上海板块,688330,宏力达
上海板块,002858,力盛体育
上海板块,600823,ST世茂
上海板块,301062,上海艾录
上海板块,002278,神开股份
上海板块,603378,亚士创能
上海板块,601968,宝钢包装
上海板块,603197,保隆科技
上海板块,002669,康达新材
上海板块,002561,徐家汇
上海板块,300802,矩子科技
上海板块,300017,网宿科技
上海板块,603987,康德莱
上海板块,301419,阿莱德
上海板块,688129,东来技术
上海板块,300180,华峰超纤
上海板块,603329,上海雅仕
上海板块,301025,读客文化
上海板块,600619,海立股份
上海板块,600626,申达股份
上海板块,002328,新朋股份
上海板块,300230,永利股份
上海板块,603713,密尔克卫
上海板块,603790,雅运股份
上海板块,688158,优刻得-W
上海板块,600838,上海九百
上海板块,688370,丛麟科技
上海板块,831961,创远信科
上海板块,688155,先惠技术
上海板块,603200,上海洗霸
上海板块,600284,浦东建设
上海板块,300398,飞凯材料
上海板块,688368,晶丰明源
上海板块,688123,聚辰股份
上海板块,600818,中路股份
上海板块,600676,交运股份
上海板块,600647,*ST同达
上海板块,300272,开能健康
上海板块,002565,顺灏股份
上海板块,603619,中曼石油
上海板块,603022,新通联
上海板块,600841,动力新科
上海板块,600602,云赛智联
上海板块,601872,招商轮船
上海板块,300442,润泽科技
上海板块,600819,耀皮玻璃
上海板块,300493,润欣科技
上海板块,300067,安诺其
上海板块,688126,沪硅产业
上海板块,603648,畅联股份
上海板块,603006,联明股份
上海板块,605081,太和水
上海板块,603196,日播时尚
上海板块,600193,创兴资源
上海板块,300236,上海新阳
上海板块,688301,奕瑞科技
上海板块,002825,纳尔股份
上海板块,300257,开山股份
上海板块,601595,上海电影
上海板块,600630,龙头股份
上海板块,600612,老凤祥
上海板块,600500,中化国际
上海板块,603499,翔港科技
上海板块,600119,长江投资
上海板块,002346,柘中股份
上海板块,688590,新致软件
上海板块,300899,上海凯鑫
上海板块,300074,华平股份
上海板块,301070,开勒股份
上海板块,300983,尤安设计
上海板块,301099,雅创电子
上海板块,300963,中洲特材
上海板块,603083,剑桥科技
上海板块,601021,春秋航空
上海板块,603121,华培动力
上海板块,603887,城地香江
上海板块,603037,凯众股份
上海板块,603682,锦和商管
上海板块,301000,肇民科技
上海板块,603885,吉祥航空
上海板块,688071,华依科技
上海板块,603012,创力集团
上海板块,300947,德必集团
上海板块,603730,岱美股份
上海板块,600822,上海物贸
上海板块,300225,金力泰
上海板块,002605,姚记科技
上海板块,600490,鹏欣资源
上海板块,301303,真兰仪表
上海板块,603153,上海建科
上海板块,300578,会畅通讯
上海板块,603159,上海亚虹
上海板块,603056,德邦股份
上海板块,603960,克来机电
上海板块,605151,西上海
上海板块,605208,永茂泰
上海板块,301005,超捷股份
上海板块,688593,新相微
上海板块,603579,荣泰健康
上海板块,603009,北特科技
上海板块,301001,凯淳股份
上海板块,002269,美邦服饰
上海板块,688031,星环科技-U
上海板块,301151,冠龙节能
上海板块,300262,巴安水务
上海板块,688585,上纬新材
上海板块,603226,菲林格尔
上海板块,688110,东芯股份
上海板块,300627,华测导航
上海板块,600895,张江高科
上海板块,688016,心脉医疗
上海板块,300126,锐奇股份
上海板块,300609,汇纳科技
上海板块,301289,国缆检测
上海板块,301273,瑞晨环保
上海板块,603515,欧普照明
上海板块,600843,上工申贝
上海板块,300170,汉得信息
上海板块,600088,中视传媒
上海板块,300462,华铭智能
上海板块,603729,龙韵股份
上海板块,603496,恒为科技
上海板块,688718,唯赛勃
上海板块,603728,鸣志电器
上海板块,002454,松芝股份
上海板块,688206,概伦电子
上海板块,688521,芯原股份
上海板块,002451,摩恩电气
上海板块,603211,晋拓股份
上海板块,301499,维科精密
上海板块,688385,复旦微电
上海板块,688065,凯赛生物
上海板块,301161,唯万密封
上海板块,002058,威尔泰
上海板块,688351,微电生理-U
上海板块,688091,上海谊众
上海板块,688519,南亚新材
上海板块,603786,科博达
上海板块,300551,古鳌科技
上海板块,603039,泛微网络
上海板块,600689,上海三毛
上海板块,430300,辰光医疗
上海板块,688061,灿瑞科技
上海板块,688073,毕得医药
上海板块,301037,保立佳
上海板块,688578,艾力斯
四川板块,600109,国金证券
四川板块,688222,成都先导
四川板块,600438,通威股份
四川板块,002926,华西证券
四川板块,300434,金石亚药
四川板块,688506,百利天恒-U
四川板块,002497,雅化集团
四川板块,600702,舍得酒业
四川板块,301172,君逸数码
四川板块,300937,药易购
四川板块,300841,康华生物
四川板块,300820,英杰电气
四川板块,600674,川投能源
四川板块,000710,贝瑞基因
四川板块,300463,迈克生物
四川板块,603027,千禾味业
四川板块,688629,华丰科技
四川板块,002268,电科网安
四川板块,002773,康弘药业
四川板块,000790,华神科技
四川板块,688553,汇宇制药-W
四川板块,601208,东材科技
四川板块,301515,港通医疗
四川板块,002946,新乳业
四川板块,603317,天味食品
四川板块,002422,科伦药业
四川板块,600039,四川路桥
四川板块,000509,华塑控股
四川板块,688311,盟升电子
四川板块,832566,梓橦宫
四川板块,688053,思科瑞
四川板块,600828,茂业商业
四川板块,000688,国城矿业
四川板块,002240,盛新锂能
四川板块,002466,天齐锂业
四川板块,300249,依米康
四川板块,002777,久远银海
四川板块,601107,四川成渝
四川板块,301286,侨源股份
四川板块,603477,巨星农牧
四川板块,000593,德龙汇能
四川板块,601838,成都银行
四川板块,002258,利尔化学
四川板块,000858,五 粮 液
四川板块,000876,新 希 望
四川板块,601399,国机重装
四川板块,688297,中无人机
四川板块,300092,科新机电
四川板块,002628,成都路桥
四川板块,300127,银河磁体
四川板块,000628,高新发展
四川板块,833230,欧康医药
四川板块,836675,秉扬科技
四川板块,688319,欧林生物
四川板块,000155,川能动力
四川板块,000568,泸州老窖
四川板块,300425,中建环能
四川板块,002386,天原股份
四川板块,600603,广汇物流
四川板块,688070,纵横股份
四川板块,300440,运达科技
四川板块,688117,圣诺生物
四川板块,600101,明星电力
四川板块,002023,海特高新
四川板块,300101,振芯科技
四川板块,600391,航发科技
四川板块,301239,普瑞眼科
四川板块,300019,硅宝科技
四川板块,600779,XD水井坊
四川板块,688696,极米科技
四川板块,603077,和邦生物
四川板块,600644,乐山电力
四川板块,600505,西昌电力
四川板块,000629,钒钛股份
四川板块,836239,长虹能源
四川板块,300540,蜀道装备
四川板块,688636,智明达
四川板块,000598,兴蓉环境
四川板块,603053,成都燃气
四川板块,300432,富临精工
四川板块,002935,天奥电子
四川板块,000935,四川双马
四川板块,600392,盛和资源
四川板块,000731,四川美丰
四川板块,002798,帝欧家居
四川板块,600378,昊华科技
四川板块,300492,华图山鼎
四川板块,301117,佳缘科技
四川板块,300789,唐源电气
四川板块,600793,宜宾纸业
四川板块,603261,立航科技
四川板块,600678,四川金顶
四川板块,600875,东方电气
四川板块,002951,ST金时
四川板块,600880,博瑞传播
四川板块,603327,福蓉科技
四川板块,688513,苑东生物
四川板块,430425,乐创技术
四川板块,000912,泸天化
四川板块,833781,瑞奇智造
四川板块,002697,红旗连锁
四川板块,688283,坤恒顺维
四川板块,300414,中光防雷
四川板块,000757,浩物股份
四川板块,002253,川大智胜
四川板块,301336,趣睡科技
四川板块,300504,天邑股份
四川板块,600558,大西洋
四川板块,000888,峨眉山Ａ
四川板块,001288,运机集团
四川板块,002539,云图控股
四川板块,870199,倍益康
四川板块,002366,融发核电
四川板块,002246,北化股份
四川板块,300780,德恩精工
四川板块,833943,优机股份
四川板块,300696,爱乐达
四川板块,002190,成飞集成
四川板块,300733,西菱动力
四川板块,600979,广安爱众
四川板块,601811,新华文轩
四川板块,600131,国网信通
四川板块,002312,川发龙蟒
四川板块,688302,海创药业-U
四川板块,300471,厚普股份
四川板块,836260,中寰股份
四川板块,000801,四川九洲
四川板块,300678,中科信息
四川板块,000803,山高环能
四川板块,002272,川润股份
四川板块,600353,旭光电子
四川板块,300535,达威股份
四川板块,600839,四川长虹
四川板块,603333,尚纬股份
四川板块,002977,天箭科技
四川板块,002651,利君股份
四川板块,688511,天微电子
四川板块,002978,安宁股份
四川板块,003023,彩虹集团
四川板块,002749,国光股份
四川板块,002259,ST升达
四川板块,300467,迅游科技
四川板块,600321,正源股份
四川板块,002818,富森美
四川板块,688737,中自科技
四川板块,300470,中密控股
四川板块,300022,吉峰科技
四川板块,002357,富临运业
四川板块,300547,川环科技
四川板块,301256,华融化学
四川板块,300370,安控科技
四川板块,301213,观想科技
四川板块,300865,大宏立
四川板块,000586,汇源通信
四川板块,300366,创意信息
四川板块,300502,新易盛
四川板块,603679,华体科技
四川板块,001337,四川黄金
四川板块,300987,川网传媒
四川板块,002480,新筑股份
四川板块,000810,创维数字
四川板块,600331,宏达股份
四川板块,300559,佳发教育
四川板块,600137,浪莎股份
四川板块,603809,豪能股份
四川板块,688528,秦川物联
四川板块,301233,盛帮股份
四川板块,000510,新金路
四川板块,002630,华西能源
四川板块,301050,雷电微力
四川板块,603759,海天股份
四川板块,688776,国光电气
山东板块,300583,赛托生物
山东板块,603536,惠发食品
山东板块,301022,海泰科
山东板块,002581,未名医药
山东板块,300779,惠城环保
山东板块,301299,卓创资讯
山东板块,000756,新华制药
山东板块,002655,共达电声
山东板块,301281,科源制药
山东板块,600918,中泰证券
山东板块,301017,漱玉平民
山东板块,832419,路斯股份
山东板块,002330,得利斯
山东板块,600766,*ST园城
山东板块,001219,青岛食品
山东板块,002589,瑞康医药
山东板块,000639,西王食品
山东板块,603755,日辰股份
山东板块,688556,高测股份
山东板块,603858,步长制药
山东板块,002958,青农商行
山东板块,002793,罗欣药业
山东板块,300110,华仁药业
山东板块,600467,好当家
山东板块,688002,睿创微纳
山东板块,002481,双塔食品
山东板块,605016,百龙创园
山东板块,600223,福瑞达
山东板块,603182,嘉华股份
山东板块,688136,科兴制药
山东板块,688677,海泰新光
山东板块,002107,沃华医药
山东板块,002726,龙大美食
山东板块,300391,长药控股
山东板块,600027,华电国际
山东板块,603151,邦基科技
山东板块,600789,鲁抗医药
山东板块,000423,东阿阿胶
山东板块,600022,山东钢铁
山东板块,301158,德石股份
山东板块,600600,青岛啤酒
山东板块,000977,浪潮信息
山东板块,002948,青岛银行
山东板块,300423,昇辉科技
山东板块,002241,歌尔股份
山东板块,605198,安德利
山东板块,601058,赛轮轮胎
山东板块,603029,天鹅股份
山东板块,688139,海尔生物
山东板块,603026,胜华新材
山东板块,002891,中宠股份
山东板块,002382,蓝帆医疗
山东板块,605567,春雪食品
山东板块,002746,仙坛股份
山东板块,000668,荣丰控股
山东板块,688035,德邦科技
山东板块,300233,金城医药
山东板块,603367,辰欣药业
山东板块,301292,海科新源
山东板块,002353,杰瑞股份
山东板块,300677,英科医疗
山东板块,300143,盈康生命
山东板块,601665,齐鲁银行
山东板块,002117,东港股份
山东板块,000498,山东路桥
山东板块,002374,中锐股份
山东板块,002286,保龄宝
山东板块,603113,金能科技
山东板块,301185,鸥玛软件
山东板块,002805,丰元股份
山东板块,300175,朗源股份
山东板块,688161,威高骨科
山东板块,301188,力诺特玻
山东板块,600219,南山铝业
山东板块,688501,青达环保
山东板块,603102,百合股份
山东板块,600426,华鲁恒升
山东板块,603278,大业股份
山东板块,300285,国瓷材料
山东板块,600529,山东药玻
山东板块,000869,张 裕Ａ
山东板块,600690,海尔智家
山东板块,600783,鲁信创投
山东板块,301015,百洋医药
山东板块,002376,新北洋
山东板块,300821,东岳硅材
山东板块,605287,德才股份
山东板块,600955,维远股份
山东板块,002485,*ST雪发
山东板块,688663,新风光
山东板块,300653,正海生物
山东板块,430476,海能技术
山东板块,002234,民和股份
山东板块,837212,智新电子
山东板块,600777,新潮能源
山东板块,002838,道恩股份
山东板块,300801,泰和科技
山东板块,002323,雅博股份
山东板块,002270,华明装备
山东板块,600727,鲁北化工
山东板块,603279,景津装备
山东板块,688363,华熙生物
山东板块,831195,三祥科技
山东板块,300569,天能重工
山东板块,002094,青岛金王
山东板块,831304,迪尔化工
山东板块,002379,宏创控股
山东板块,002083,孚日股份
山东板块,300950,德固特
山东板块,000488,晨鸣纸业
山东板块,002041,登海种业
山东板块,002984,森麒麟
山东板块,601366,利群股份
山东板块,301206,三元生物
山东板块,600180,瑞茂通
山东板块,601298,青岛港
山东板块,600784,鲁银投资
山东板块,002675,东诚药业
山东板块,002088,鲁阳节能
山东板块,872190,雷神科技
山东板块,001300,三柏硕
山东板块,001207,联科科技
山东板块,872953,国子软件
山东板块,605006,山东玻纤
山东板块,603223,恒通股份
山东板块,600858,银座股份
山东板块,600336,澳柯玛
山东板块,600308,华泰股份
山东板块,600076,康欣新材
山东板块,600017,日照港
山东板块,002469,三维化学
山东板块,002408,齐翔腾达
山东板块,002283,天润工业
山东板块,000726,鲁 泰Ａ
山东板块,000720,新能泰山
山东板块,000677,恒天海龙
山东板块,000503,国新健康
山东板块,688190,云路股份
山东板块,600188,兖矿能源
山东板块,002871,伟隆股份
山东板块,688087,英科再生
山东板块,832651,天罡股份
山东板块,300993,玉马遮阳
山东板块,300121,阳谷华泰
山东板块,000682,东方电子
山东板块,300830,金现代
山东板块,430510,丰光精密
山东板块,831689,克莱特
山东板块,830839,万通液压
山东板块,002073,软控股份
山东板块,300918,南山智尚
山东板块,603086,先达股份
山东板块,002458,益生股份
山东板块,603739,蔚蓝生物
山东板块,600966,博汇纸业
山东板块,600350,山东高速
山东板块,000915,华特达因
山东板块,300443,金雷股份
山东板块,002476,宝莫股份
山东板块,603638,艾迪精密
山东板块,837242,建邦科技
山东板块,601019,山东出版
山东板块,301296,新巨丰
山东板块,600586,金晶科技
山东板块,605100,华丰股份
山东板块,600756,浪潮软件
山东板块,600760,中航沈飞
山东板块,000407,胜利股份
山东板块,002545,东方铁塔
山东板块,688234,天岳先进
山东板块,000655,金岭矿业
山东板块,000830,鲁西化工
山东板块,603708,家家悦
山东板块,300105,龙源技术
山东板块,000338,潍柴动力
山东板块,603779,威龙股份
山东板块,002237,恒邦股份
山东板块,688579,山大地纬
山东板块,600212,绿能慧充
山东板块,600547,山东黄金
山东板块,003022,联泓新科
山东板块,300343,联创股份
山东板块,603217,元利科技
山东板块,002242,九阳股份
山东板块,003042,中农联合
山东板块,301456,盘古智能
山东板块,002768,国恩股份
山东板块,603167,渤海轮渡
山东板块,600309,万华化学
山东板块,688557,兰剑智能
山东板块,000822,山东海化
山东板块,603967,中创物流
山东板块,002470,金正大
山东板块,688309,恒誉环保
山东板块,002595,豪迈科技
山东板块,000416,*ST民控
山东板块,830832,齐鲁华信
山东板块,002521,齐峰新材
山东板块,300594,朗进科技
山东板块,600804,ST鹏博士
山东板块,300099,精准信息
山东板块,605589,圣泉集团
山东板块,600229,城市传媒
山东板块,300699,光威复材
山东板块,600960,渤海汽车
山东板块,001331,胜通能源
山东板块,600060,海信视像
山东板块,002537,海联金汇
山东板块,603612,索通发展
山东板块,601678,滨化股份
山东板块,002111,威海广泰
山东板块,002363,隆基机械
山东板块,688455,科捷智能
山东板块,301149,隆华新材
山东板块,837092,汉鑫科技
山东板块,601028,玉龙股份
山东板块,000680,山推股份
山东板块,002086,*ST东洋
山东板块,002580,圣阳股份
山东板块,838171,邦德股份
山东板块,301035,润丰股份
山东板块,002339,积成电子
山东板块,600579,克劳斯
山东板块,002248,华东数控
山东板块,300479,神思电子
山东板块,002078,太阳纸业
山东板块,000880,潍柴重机
山东板块,301439,泓淋电力
山东板块,300183,东软载波
山东板块,000811,冰轮环境
山东板块,600448,华纺股份
山东板块,300996,普联软件
山东板块,603639,海利尔
山东板块,002810,山东赫达
山东板块,835670,数字人
山东板块,600319,亚星化学
山东板块,300224,正海磁材
山东板块,600735,新华锦
山东板块,300786,国林科技
山东板块,603421,鼎信通讯
山东板块,301337,亚华电子
山东板块,002899,英派斯
山东板块,603577,汇金通
山东板块,603856,东宏股份
山东板块,300001,特锐德
山东板块,002490,山东墨龙
山东板块,002526,山东矿机
山东板块,300214,日科化学
山东板块,002193,如意集团
山东板块,300848,美瑞新材
山东板块,300659,中孚信息
山东板块,301199,迈赫股份
山东板块,600898,ST美讯
山东板块,002026,山东威达
山东板块,000554,泰山石油
山东板块,603836,海程邦达
山东板块,300690,双一科技
山东板块,300948,冠中生态
山东板块,834261,一诺威
山东板块,300654,世纪天鸿
山东板块,601163,三角轮胎
山东板块,833394,民士达
山东板块,603190,亚通精工
山东板块,300208,青岛中程
山东板块,603021,山东华鹏
山东板块,300185,通裕重工
山东板块,000951,中国重汽
山东板块,002598,山东章鼓
山东板块,600587,新华医疗
山东板块,002890,弘宇股份
山东板块,603586,金麒麟
山东板块,000957,中通客车
山东板块,003033,征和工业
山东板块,002921,联诚精密
山东板块,831278,泰德股份
山东板块,601966,玲珑轮胎
山东板块,301320,豪江智能
山东板块,001260,坤泰股份
山东板块,300243,瑞丰高材
山东板块,603187,海容冷链
山东板块,603798,康普顿
山东板块,600807,济南高新
山东板块,002498,汉缆股份
山东板块,300237,美晨生态
山东板块,301020,密封科技
山东板块,688191,智洋创新
山东板块,002588,史丹利
山东板块,688681,科汇股份
山东板块,000599,青岛双星
山东板块,000409,云鼎科技
山东板块,300308,中际旭创
山东板块,002643,万润股份
山东板块,300840,酷特智能
山东板块,688331,荣昌生物
山东板块,002254,泰和新材
山东板块,000506,中润资源
山东板块,605001,威奥股份
山东板块,301069,凯盛新材
山东板块,002671,龙泉股份
山东板块,688021,奥福环保
山东板块,002355,兴民智通
山东板块,300321,同大股份
山东板块,301209,联合化学
山东板块,301262,海看股份
山西板块,300158,振东制药
山西板块,002500,山西证券
山西板块,300069,金利华电
山西板块,300254,仟源医药
山西板块,600234,科新发展
山西板块,600771,广誉远
山西板块,600809,山西汾酒
山西板块,600351,亚宝药业
山西板块,000403,派林生物
山西板块,000767,晋控电力
山西板块,871970,大禹生物
山西板块,603112,华翔股份
山西板块,000825,太钢不锈
山西板块,600281,华阳新材
山西板块,601699,潞安环能
山西板块,601006,大秦铁路
山西板块,600780,通宝能源
山西板块,600546,山煤国际
山西板块,600123,兰花科创
山西板块,002360,同德化工
山西板块,000755,山西路桥
山西板块,601001,晋控煤业
山西板块,000968,蓝焰控股
山西板块,831832,科达自控
山西板块,600740,山西焦化
山西板块,000983,山西焦煤
山西板块,600408,安泰集团
山西板块,600617,国新能源
山西板块,600157,永泰能源
山西板块,600539,狮头股份
山西板块,600348,华阳股份
山西板块,600169,太原重工
山西板块,300486,东杰智能
山西板块,600691,阳煤化工
山西板块,000723,美锦能源
山西板块,000737,北方铜业
山西板块,002640,跨境通
山西板块,600495,晋西车轴
山西板块,832982,锦波生物
山西板块,003002,壶化股份
山西板块,002753,永东股份
陕西板块,601012,隆基绿能
陕西板块,000721,西安饮食
陕西板块,688333,铂力特
陕西板块,002673,西部证券
陕西板块,301031,中熔电气
陕西板块,600928,西安银行
陕西板块,000563,陕国投Ａ
陕西板块,300861,美畅股份
陕西板块,002864,盘龙药业
陕西板块,002109,兴化股份
陕西板块,600080,金花股份
陕西板块,300140,中环装备
陕西板块,600706,曲江文旅
陕西板块,601369,陕鼓动力
陕西板块,601225,陕西煤业
陕西板块,000768,中航西飞
陕西板块,000610,西安旅游
陕西板块,600707,彩虹股份
陕西板块,688314,康拓医疗
陕西板块,600248,陕建股份
陕西板块,601568,北元集团
陕西板块,688150,莱特光电
陕西板块,600343,航天动力
陕西板块,000516,国际医学
陕西板块,301306,西测测试
陕西板块,688281,华秦科技
陕西板块,300775,三角防务
陕西板块,603139,康惠制药
陕西板块,600893,航发动力
陕西板块,834599,同力股份
陕西板块,601179,中国西电
陕西板块,600831,广电网络
陕西板块,600665,天地源
陕西板块,600379,宝光股份
陕西板块,001286,陕西能源
陕西板块,688269,凯立新材
陕西板块,000561,烽火电子
陕西板块,003009,中天火箭
陕西板块,600217,中再资环
陕西板块,601015,陕西黑猫
陕西板块,002267,陕天然气
陕西板块,001299,美能能源
陕西板块,300397,天和防务
陕西板块,430564,天润科技
陕西板块,002799,环球印务
陕西板块,300581,晨曦航空
陕西板块,688101,三达膜
陕西板块,001231,农心科技
陕西板块,835640,富士达
陕西板块,000697,*ST炼石
陕西板块,688550,瑞联新材
陕西板块,601958,金钼股份
陕西板块,000812,陕西金叶
陕西板块,688167,炬光科技
陕西板块,688102,斯瑞新材
陕西板块,688285,高铁电气
陕西板块,600456,宝钛股份
陕西板块,300164,通源石油
陕西板块,300103,达刚控股
陕西板块,000837,秦川机床
陕西板块,301231,荣信文化
陕西板块,605168,三人行
陕西板块,000564,ST大集
陕西板块,600984,建设机械
陕西板块,600455,博通股份
陕西板块,688334,西高院
陕西板块,301357,北方长龙
陕西板块,301171,易点天下
陕西板块,300487,蓝晓科技
陕西板块,002149,西部材料
陕西板块,605033,美邦股份
陕西板块,300114,中航电测
陕西板块,600302,标准股份
陕西板块,300831,派瑞股份
陕西板块,688498,源杰科技
陕西板块,300116,保力新
陕西板块,873576,天力复合
陕西板块,688122,西部超导
天津板块,002821,凯莱英
天津板块,002820,桂发祥
天津板块,600322,天房发展
天津板块,688041,海光信息
天津板块,688153,唯捷创芯
天津板块,600645,中源协和
天津板块,600329,达仁堂
天津板块,603727,博迈科
天津板块,002432,九安医疗
天津板块,000965,天保基建
天津板块,603106,恒银科技
天津板块,600535,天士力
天津板块,002129,TCL中环
天津板块,002393,力生制药
天津板块,688120,华海清科
天津板块,300026,红日药业
天津板块,601686,友发集团
天津板块,000897,津滨发展
天津板块,000695,滨海能源
天津板块,603529,爱玛科技
天津板块,600821,金开新能
天津板块,300875,捷强装备
天津板块,600082,海泰发展
天津板块,000927,中国铁物
天津板块,688185,康希诺
天津板块,600717,天津港
天津板块,600488,津药药业
天津板块,603019,中科曙光
天津板块,001965,招商公路
天津板块,300119,瑞普生物
天津板块,600583,海油工程
天津板块,600468,百利电气
天津板块,301102,兆讯传媒
天津板块,000537,广宇发展
天津板块,000652,泰达股份
天津板块,600874,创业环保
天津板块,601919,中远海控
天津板块,600800,渤海化学
天津板块,001206,依依股份
天津板块,300596,利安隆
天津板块,603126,中材节能
天津板块,688420,美腾科技
天津板块,603969,银龙股份
天津板块,688199,久日新材
天津板块,600787,中储股份
天津板块,600751,海航科技
天津板块,601360,三六零
天津板块,600335,国机汽车
天津板块,603135,中重科技
天津板块,002337,赛象科技
天津板块,600158,中体产业
天津板块,300407,凯发电气
天津板块,002887,绿茵生态
天津板块,601808,中海油服
天津板块,300334,津膜科技
天津板块,002134,天津普林
天津板块,871753,天纺标
天津板块,603712,七一二
天津板块,002510,天汽模
天津板块,603096,新经典
天津板块,300988,津荣天宇
天津板块,000836,富通信息
天津板块,300120,经纬辉开
天津板块,300828,锐新科技
天津板块,688108,赛诺医疗
天津板块,600225,卓朗科技
天津板块,300195,长荣股份
天津板块,300823,建科机械
天津板块,831526,凯华材料
天津板块,300375,鹏翎股份
天津板块,603061,金海通
新疆板块,002719,麦趣尔
新疆板块,300106,西部牧业
新疆板块,600509,天富能源
新疆板块,300313,*ST天山
新疆板块,000166,申万宏源
新疆板块,000813,德展健康
新疆板块,000617,中油资本
新疆板块,600084,中葡股份
新疆板块,600419,天润乳业
新疆板块,600089,特变电工
新疆板块,600197,伊力特
新疆板块,000415,渤海租赁
新疆板块,301301,川宁生物
新疆板块,002307,北新路桥
新疆板块,002524,光正眼科
新疆板块,000972,中基健康
新疆板块,600721,百花医药
新疆板块,600581,八一钢铁
新疆板块,600251,冠农股份
新疆板块,002100,天康生物
新疆板块,002202,金风科技
新疆板块,600545,卓郎智能
新疆板块,600737,中粮糖业
新疆板块,002941,新疆交建
新疆板块,600339,中油工程
新疆板块,688303,大全能源
新疆板块,300859,*ST西域
新疆板块,002800,ST天顺
新疆板块,002302,西部建设
新疆板块,600359,新农开发
新疆板块,000877,天山股份
新疆板块,001258,立新能源
新疆板块,300603,立昂技术
新疆板块,000633,合金投资
新疆板块,001330,博纳影业
新疆板块,600256,广汇能源
新疆板块,600425,青松建化
新疆板块,603032,德新科技
新疆板块,000159,国际实业
新疆板块,600540,新赛股份
新疆板块,603393,新天然气
新疆板块,600075,新疆天业
新疆板块,002092,中泰化学
新疆板块,002700,ST浩源
新疆板块,603227,雪峰科技
新疆板块,002205,国统股份
新疆板块,002828,贝肯能源
新疆板块,600888,新疆众和
新疆板块,601069,西部黄金
新疆板块,301139,元道通信
新疆板块,002207,准油股份
新疆板块,605169,洪通燃气
新疆板块,603101,汇嘉时代
新疆板块,600506,统一股份
新疆板块,603706,东方环宇
新疆板块,603080,新疆火炬
新疆板块,300588,熙菱信息
新疆板块,601121,宝地矿业
新疆板块,600778,友好集团
新疆板块,300159,新研股份
西藏板块,600773,西藏城投
西藏板块,301075,多瑞医药
西藏板块,301331,恩威医药
西藏板块,603669,灵康药业
西藏板块,002287,奇正藏药
西藏板块,603676,卫信康
西藏板块,002653,海思科
西藏板块,000762,西藏矿业
西藏板块,600211,西藏药业
西藏板块,300741,华宝股份
西藏板块,600749,西藏旅游
西藏板块,300872,天阳科技
西藏板块,600873,梅花生物
西藏板块,600326,西藏天路
西藏板块,300624,万兴科技
西藏板块,002826,易明医药
西藏板块,000752,*ST西发
西藏板块,002827,高争民爆
西藏板块,600338,西藏珠峰
西藏板块,002945,华林证券
西藏板块,300564,筑博设计
西藏板块,601020,华钰矿业
云南板块,605266,健之佳
云南板块,600239,云南城投
云南板块,002727,一心堂
云南板块,601236,红塔证券
云南板块,002750,龙津药业
云南板块,000960,锡业股份
云南板块,601099,太平洋
云南板块,605296,神农集团
云南板块,000538,云南白药
云南板块,603963,大理药业
云南板块,002812,恩捷股份
云南板块,000560,我爱我家
云南板块,300142,沃森生物
云南板块,002053,云南能投
云南板块,002059,云南旅游
云南板块,300957,贝泰妮
云南板块,300755,华致酒行
云南板块,833266,生物谷
云南板块,600422,昆药集团
云南板块,600025,华能水电
云南板块,600995,南网储能
云南板块,600265,ST景谷
云南板块,300767,震安科技
云南板块,002265,建设工业
云南板块,600096,云天化
云南板块,002033,丽江股份
云南板块,600883,博闻科技
云南板块,300505,川金诺
云南板块,600459,贵研铂业
云南板块,600725,云维股份
云南板块,600792,云煤能源
云南板块,002428,云南锗业
云南板块,000948,南天信息
云南板块,000878,云南铜业
云南板块,000903,云内动力
云南板块,002114,罗平锌电
云南板块,002200,ST交投
云南板块,600497,驰宏锌锗
云南板块,000807,云铝股份
云南板块,831152,昆工科技
云南板块,301311,昆船智能
浙江板块,600683,京投发展
浙江板块,301316,慧博云通
浙江板块,301201,诚达药业
浙江板块,688005,容百科技
浙江板块,300898,熊猫乳品
浙江板块,301218,华是科技
浙江板块,603456,九洲药业
浙江板块,688290,景业智能
浙江板块,300033,同花顺
浙江板块,601878,浙商证券
浙江板块,603557,ST起步
浙江板块,603237,五芳斋
浙江板块,836270,天铭科技
浙江板块,605011,杭州热电
浙江板块,603538,美诺华
浙江板块,300347,泰格医药
浙江板块,300401,花园生物
浙江板块,600059,古越龙山
浙江板块,001367,海森药业
浙江板块,002120,韵达股份
浙江板块,688298,东方生物
浙江板块,002488,金固股份
浙江板块,688310,迈得医疗
浙江板块,301096,百诚医药
浙江板块,605337,李子园
浙江板块,002099,海翔药业
浙江板块,603711,香飘飘
浙江板块,002332,仙琚制药
浙江板块,300702,天宇股份
浙江板块,600267,海正药业
浙江板块,600226,瀚叶股份
浙江板块,300025,华星创业
浙江板块,301388,欣灵电气
浙江板块,603301,振德医疗
浙江板块,603811,诚意药业
浙江板块,605162,新中港
浙江板块,603388,元成股份
浙江板块,603605,珀莱雅
浙江板块,002515,金字火腿
浙江板块,603168,莎普爱思
浙江板块,603229,奥翔药业
浙江板块,605020,永和股份
浙江板块,601865,福莱特
浙江板块,603806,福斯特
浙江板块,600927,永安期货
浙江板块,601882,海天精工
浙江板块,600160,巨化股份
浙江板块,000739,普洛药业
浙江板块,600521,华海药业
浙江板块,600857,宁波中百
浙江板块,603520,司太立
浙江板块,300880,迦南智能
浙江板块,605179,一鸣食品
浙江板块,600571,信雅达
浙江板块,300763,锦浪科技
浙江板块,300181,佐力药业
浙江板块,300878,维康药业
浙江板块,600070,ST富润
浙江板块,600537,亿晶光电
浙江板块,603505,金石资源
浙江板块,300813,泰林生物
浙江板块,300412,迦南科技
浙江板块,002142,宁波银行
浙江板块,600724,宁波富达
浙江板块,603606,东方电缆
浙江板块,601579,会稽山
浙江板块,300587,天铁股份
浙江板块,002570,贝因美
浙江板块,300118,东方日升
浙江板块,603896,寿仙谷
浙江板块,600671,*ST目药
浙江板块,603379,三美股份
浙江板块,002280,联络互动
浙江板块,002001,新 和 成
浙江板块,002112,三变科技
浙江板块,301399,英特科技
浙江板块,600120,浙江东方
浙江板块,002124,天邦食品
浙江板块,300068,南都电源
浙江板块,688606,奥泰生物
浙江板块,003030,祖名股份
浙江板块,301398,星源卓镁
浙江板块,600982,宁波能源
浙江板块,300519,新光药业
浙江板块,001333,光华股份
浙江板块,301009,可靠股份
浙江板块,002082,万邦德
浙江板块,300439,美康生物
浙江板块,002493,荣盛石化
浙江板块,603260,合盛硅业
浙江板块,600570,恒生电子
浙江板块,601108,财通证券
浙江板块,002020,京新药业
浙江板块,603186,华正新材
浙江板块,601916,浙商银行
浙江板块,601233,桐昆股份
浙江板块,000705,浙江震元
浙江板块,600208,新湖中宝
浙江板块,002703,浙江世宝
浙江板块,002173,创新医疗
浙江板块,002043,兔 宝 宝
浙江板块,600926,杭州银行
浙江板块,002761,浙江建投
浙江板块,603130,云中马
浙江板块,600052,东望时代
浙江板块,600177,雅戈尔
浙江板块,300357,我武生物
浙江板块,605507,国邦医药
浙江板块,002940,昂利康
浙江板块,300710,万隆光电
浙江板块,836395,朗鸿科技
浙江板块,002552,宝鼎科技
浙江板块,300673,佩蒂股份
浙江板块,002370,亚太药业
浙江板块,600216,浙江医药
浙江板块,002372,伟星新材
浙江板块,000517,荣安地产
浙江板块,002444,巨星科技
浙江板块,000980,众泰汽车
浙江板块,603129,春风动力
浙江板块,301073,君亭酒店
浙江板块,300727,润禾材料
浙江板块,603506,南都物业
浙江板块,603195,公牛集团
浙江板块,603079,圣达生物
浙江板块,688075,安旭生物
浙江板块,603298,杭叉集团
浙江板块,600830,香溢融通
浙江板块,001270,铖昌科技
浙江板块,600884,杉杉股份
浙江板块,688348,昱能科技
浙江板块,301065,本立科技
浙江板块,002056,横店东磁
浙江板块,601877,正泰电器
浙江板块,605336,帅丰电器
浙江板块,301356,天振股份
浙江板块,300550,和仁科技
浙江板块,002758,浙农股份
浙江板块,603300,华铁应急
浙江板块,300360,炬华科技
浙江板块,600352,浙江龙盛
浙江板块,600491,龙元建设
浙江板块,002250,联化科技
浙江板块,002522,浙江众成
浙江板块,300645,正元智慧
浙江板块,002344,海宁皮城
浙江板块,002915,中欣氟材
浙江板块,603215,比依股份
浙江板块,601018,宁波港
浙江板块,000906,浙商中拓
浙江板块,600572,康恩贝
浙江板块,002602,世纪华通
浙江板块,300020,银江技术
浙江板块,300314,戴维医疗
浙江板块,300772,运达股份
浙江板块,002860,星帅尔
浙江板块,688270,臻镭科技
浙江板块,600763,通策医疗
浙江板块,002641,公元股份
浙江板块,301004,嘉益股份
浙江板块,000411,英特集团
浙江板块,002021,*ST中捷
浙江板块,300316,晶盛机电
浙江板块,300943,春晖智控
浙江板块,603338,浙江鼎力
浙江板块,002050,三花智控
浙江板块,603290,斯达半导
浙江板块,002244,滨江集团
浙江板块,603611,诺力股份
浙江板块,605358,立昂微
浙江板块,600790,轻纺城
浙江板块,001238,浙江正特
浙江板块,600126,杭钢股份
浙江板块,001380,华纬科技
浙江板块,603687,大胜达
浙江板块,870508,丰安股份
浙江板块,002534,西子洁能
浙江板块,601789,宁波建工
浙江板块,603272,联翔股份
浙江板块,600113,浙江东日
浙江板块,603093,南华期货
浙江板块,002468,申通快递
浙江板块,002896,中大力德
浙江板块,601528,瑞丰银行
浙江板块,603208,江山欧派
浙江板块,002756,永兴材料
浙江板块,600460,士兰微
浙江板块,301295,美硕科技
浙江板块,603088,宁波精达
浙江板块,603076,乐惠国际
浙江板块,300111,向日葵
浙江板块,002034,旺能环境
浙江板块,000631,顺发恒业
浙江板块,603709,中源家居
浙江板块,605080,浙江自然
浙江板块,873527,夜光明
浙江板块,003011,海象新材
浙江板块,834639,晨光电缆
浙江板块,603225,新凤鸣
浙江板块,002133,广宇集团
浙江板块,600130,波导股份
浙江板块,002562,兄弟科技
浙江板块,002061,浙江交科
浙江板块,301092,争光股份
浙江板块,002019,亿帆医药
浙江板块,002326,永太科技
浙江板块,300994,久祺股份
浙江板块,601022,宁波远洋
浙江板块,600387,ST海越
浙江板块,834770,艾能聚
浙江板块,603823,百合花
浙江板块,002569,ST步森
浙江板块,603001,ST奥康
浙江板块,600776,东方通信
浙江板块,300459,汤姆猫
浙江板块,301345,涛涛车业
浙江板块,688203,海正生材
浙江板块,300144,宋城演艺
浙江板块,831906,舜宇精工
浙江板块,002135,东南网架
浙江板块,002427,尤夫股份
浙江板块,688032,禾迈股份
浙江板块,002795,永和智控
浙江板块,603172,万丰股份
浙江板块,603816,顾家家居
浙江板块,603908,牧高笛
浙江板块,002095,生 意 宝
浙江板块,688039,当虹科技
浙江板块,002276,万马股份
浙江板块,603665,康隆达
浙江板块,300113,顺网科技
浙江板块,688141,杰华特
浙江板块,605028,世茂能源
浙江板块,603282,亚光股份
浙江板块,688006,杭可科技
浙江板块,834062,科润智控
浙江板块,834058,华洋赛车
浙江板块,605268,王力安防
浙江板块,603980,吉华集团
浙江板块,603948,建业股份
浙江板块,603071,物产环能
浙江板块,601339,百隆东方
浙江板块,601113,华鼎股份
浙江板块,600798,宁波海运
浙江板块,600668,尖峰集团
浙江板块,600173,卧龙地产
浙江板块,430685,新芝生物
浙江板块,300853,申昊科技
浙江板块,300796,贝斯美
浙江板块,300743,天地数码
浙江板块,300244,迪安诊断
浙江板块,003041,真爱美家
浙江板块,002508,老板电器
浙江板块,002479,富春环保
浙江板块,002364,中恒电气
浙江板块,002010,传化智联
浙江板块,000156,华数传媒
浙江板块,688777,中控技术
浙江板块,688623,双元科技
浙江板块,000963,华东医药
浙江板块,688767,博拓生物
浙江板块,002032,苏 泊 尔
浙江板块,001222,源飞宠物
浙江板块,002011,盾安环境
浙江板块,605580,恒盛能源
浙江板块,300849,锦盛新材
浙江板块,600032,浙江新能
浙江板块,600596,新安股份
浙江板块,002633,申科股份
浙江板块,603600,永艺股份
浙江板块,605166,聚合顺
浙江板块,301280,珠城科技
浙江板块,002126,银轮股份
浙江板块,301066,万事利
浙江板块,300768,迪普科技
浙江板块,300512,中亚股份
浙江板块,300998,宁波方正
浙江板块,002634,棒杰股份
浙江板块,600051,宁波联合
浙江板块,603839,安正时尚
浙江板块,605007,五洲特纸
浙江板块,605009,豪悦护理
浙江板块,002064,华峰化学
浙江板块,834475,三友科技
浙江板块,830974,凯大催化
浙江板块,605077,华康股份
浙江板块,600580,卧龙电驱
浙江板块,002563,森马服饰
浙江板块,838924,广脉科技
浙江板块,603213,镇洋发展
浙江板块,603103,横店影视
浙江板块,603568,伟明环保
浙江板块,301317,鑫磊股份
浙江板块,603218,日月股份
浙江板块,300839,博汇股份
浙江板块,002062,宏润建设
浙江板块,002206,海 利 得
浙江板块,002677,浙江美大
浙江板块,873169,七丰精工
浙江板块,301216,万凯新材
浙江板块,688299,长阳科技
浙江板块,600704,物产中大
浙江板块,002375,亚厦股份
浙江板块,603703,盛洋科技
浙江板块,603222,济民医疗
浙江板块,600023,浙能电力
浙江板块,603700,宁水集团
浙江板块,301212,联盛化学
浙江板块,600814,杭州解百
浙江板块,605138,盛泰集团
浙江板块,688023,安恒信息
浙江板块,002266,浙富控股
浙江板块,688565,力源科技
浙江板块,600477,杭萧钢构
浙江板块,600415,小商品城
浙江板块,688819,天能股份
浙江板块,300539,横河精密
浙江板块,002489,浙江永强
浙江板块,601599,浙文影业
浙江板块,603095,越剑智能
浙江板块,600283,钱江水利
浙江板块,301141,中科磁业
浙江板块,002617,露笑科技
浙江板块,301279,金道科技
浙江板块,002188,中天服务
浙江板块,002440,闰土股份
浙江板块,688320,禾川科技
浙江板块,600797,浙大网新
浙江板块,603757,大元泵业
浙江板块,831855,浙江大农
浙江板块,000558,莱茵体育
浙江板块,300582,英飞特
浙江板块,603073,彩蝶实业
浙江板块,002115,三维通信
浙江板块,603219,富佳股份
浙江板块,300426,唐德影视
浙江板块,603602,纵横通信
浙江板块,605066,天正电气
浙江板块,603171,税友股份
浙江板块,873223,荣亿精密
浙江板块,600512,腾达建设
浙江板块,603070,万控智造
浙江板块,600235,民丰特纸
浙江板块,603311,金海高科
浙江板块,688469,中芯集成-U
浙江板块,603010,万盛股份
浙江板块,300488,恒锋工具
浙江板块,301335,天元宠物
浙江板块,002415,海康威视
浙江板块,600114,东睦股份
浙江板块,688092,爱科科技
浙江板块,600330,天通股份
浙江板块,300558,贝达药业
浙江板块,600576,祥源文旅
浙江板块,301193,家联科技
浙江板块,603033,三维股份
浙江板块,300894,火星人
浙江板块,600865,百大集团
浙江板块,300451,创业慧康
浙江板块,002322,理工能科
浙江板块,603216,梦天家居
浙江板块,002048,宁波华翔
浙江板块,002648,卫星化学
浙江板块,603595,东尼电子
浙江板块,301359,东南电子
浙江板块,601567,三星医疗
浙江板块,603637,镇海股份
浙江板块,832149,利尔达
浙江板块,688365,光云科技
浙江板块,688581,安杰思
浙江板块,002840,华统股份
浙江板块,603558,健盛集团
浙江板块,603995,甬金股份
浙江板块,688079,美迪凯
浙江板块,605177,东亚药业
浙江板块,600366,宁波韵升
浙江板块,300234,开尔新材
浙江板块,603331,百达精工
浙江板块,603677,奇精机械
浙江板块,300766,每日互动
浙江板块,603181,皇马科技
浙江板块,300250,初灵信息
浙江板块,600796,钱江生化
浙江板块,603726,朗迪集团
浙江板块,603733,仙鹤股份
浙江板块,002067,景兴纸业
浙江板块,003017,大洋生物
浙江板块,002472,双环传动
浙江板块,601177,杭齿前进
浙江板块,688789,宏华数科
浙江板块,688184,帕瓦股份
浙江板块,834682,球冠电缆
浙江板块,002403,爱仕达
浙江板块,300163,先锋新材
浙江板块,002224,三 力 士
浙江板块,002615,哈尔斯
浙江板块,002119,康强电子
浙江板块,603610,麒盛科技
浙江板块,000607,华媒控股
浙江板块,601002,晋亿实业
浙江板块,301055,张小泉
浙江板块,603822,嘉澳环保
浙江板块,301097,天益医疗
浙江板块,600176,中国巨石
浙江板块,603917,合力科技
浙江板块,300571,平治信息
浙江板块,003025,思进智能
浙江板块,600768,宁波富邦
浙江板块,300695,兆丰股份
浙江板块,300078,思创医惠
浙江板块,002664,信质集团
浙江板块,300027,华谊兄弟
浙江板块,002389,航天彩虹
浙江板块,603867,新化股份
浙江板块,300145,中金环境
浙江板块,603799,华友钴业
浙江板块,300920,润阳科技
浙江板块,603901,永创智能
浙江板块,600232,金鹰股份
浙江板块,300953,震裕科技
浙江板块,002263,大东南
浙江板块,603305,旭升集团
浙江板块,000559,万向钱潮
浙江板块,601116,三江购物
浙江板块,300893,松原股份
浙江板块,601921,浙版传媒
浙江板块,603008,喜临门
浙江板块,002624,完美世界
浙江板块,600152,维科技术
浙江板块,688127,蓝特光学
浙江板块,301222,浙江恒威
浙江板块,300992,泰福泵业
浙江板块,300837,浙矿股份
浙江板块,603081,大丰实业
浙江板块,600699,均胜电子
浙江板块,002006,精工科技
浙江板块,300133,华策影视
浙江板块,605180,华生科技
浙江板块,300911,亿田智能
浙江板块,300351,永贵电器
浙江板块,600526,菲达环保
浙江板块,300882,万胜智能
浙江板块,603165,荣晟环保
浙江板块,300076,GQY视讯
浙江板块,605500,森林包装
浙江板块,603320,迪贝电气
浙江板块,000967,盈峰环境
浙江板块,605377,华旺科技
浙江板块,002687,乔治白
浙江板块,301353,普莱得
浙江板块,002897,意华股份
浙江板块,002203,海亮股份
浙江板块,600261,阳光照明
浙江板块,605255,天普股份
浙江板块,002637,赞宇科技
浙江板块,605303,园林股份
浙江板块,600986,浙文互联
浙江板块,603661,恒林股份
浙江板块,603578,三星新材
浙江板块,300652,雷迪克
浙江板块,603583,捷昌驱动
浙江板块,688475,萤石网络
浙江板块,688571,杭华股份
浙江板块,603055,台华新材
浙江板块,003026,中晶科技
浙江板块,002388,新亚制程
浙江板块,300901,中胤时尚
浙江板块,300669,沪宁股份
浙江板块,300637,扬帆新材
浙江板块,603889,新澳股份
浙江板块,603618,杭电股份
浙江板块,300611,美力科技
浙江板块,300307,慈星股份
浙江板块,300266,兴源环境
浙江板块,001225,和泰机电
浙江板块,300969,恒帅股份
浙江板块,300879,大叶股份
浙江板块,000909,ST数源
浙江板块,688109,品茗科技
浙江板块,603173,福斯达
浙江板块,002103,广博股份
浙江板块,002430,杭氧股份
浙江板块,300666,江丰电子
浙江板块,603617,君禾股份
浙江板块,300703,创源股份
浙江板块,300698,万马科技
浙江板块,301095,广立微
浙江板块,002164,宁波东力
浙江板块,002574,明牌珠宝
浙江板块,301052,果麦文化
浙江板块,600273,嘉化能源
浙江板块,002381,双箭股份
浙江板块,603258,电魂网络
浙江板块,603297,永新光学
浙江板块,300792,壹网壹创
浙江板块,300548,博创科技
浙江板块,002273,水晶光电
浙江板块,605318,法狮龙
浙江板块,605555,德昌股份
浙江板块,603289,泰瑞机器
浙江板块,300718,长盛轴承
浙江板块,001336,楚环科技
浙江板块,603316,诚邦股份
浙江板块,688130,晶华微
浙江板块,838227,美登科技
浙江板块,300566,激智科技
浙江板块,301019,宁波色母
浙江板块,605277,新亚电子
浙江板块,002532,天山铝业
浙江板块,000795,英洛华
浙江板块,301252,同星科技
浙江板块,301082,久盛电气
浙江板块,688701,卓锦股份
浙江板块,001255,博菲电气
浙江板块,002003,伟星股份
浙江板块,605117,德业股份
浙江板块,002699,*ST美盛
浙江板块,603040,新坐标
浙江板块,603085,天成自控
浙江板块,002318,久立特材
浙江板块,002214,大立科技
浙江板块,300863,卡倍亿
浙江板块,002779,中坚科技
浙江板块,301198,喜悦智行
浙江板块,603701,德宏股份
浙江板块,002247,聚力文化
浙江板块,300283,温州宏丰
浙江板块,002012,凯恩股份
浙江板块,601609,金田股份
浙江板块,300203,聚光科技
浙江板块,605018,长华集团
浙江板块,603105,芯能科技
浙江板块,838701,豪声电子
浙江板块,002767,先锋电子
浙江板块,605003,众望布艺
浙江板块,605056,咸亨国际
浙江板块,002942,新农股份
浙江板块,301068,大地海洋
浙江板块,301237,和顺科技
浙江板块,300435,中泰股份
浙江板块,605055,迎丰股份
浙江板块,605566,福莱蒽特
浙江板块,002443,金洲管道
浙江板块,605158,华达新材
浙江板块,301053,远信工业
浙江板块,603949,雪龙集团
浙江板块,002712,思美传媒
浙江板块,002725,跃岭股份
浙江板块,300729,乐歌股份
浙江板块,603277,银都股份
浙江板块,002199,东晶电子
浙江板块,603789,星光农机
浙江板块,605228,神通科技
浙江板块,001256,炜冈科技
浙江板块,605259,绿田机械
浙江板块,301032,新柴股份
浙江板块,000913,钱江摩托
浙江板块,300270,中威电子
浙江板块,603266,天龙股份
浙江板块,688379,华光新材
浙江板块,300349,金卡智能
浙江板块,600987,航民股份
浙江板块,603767,中马传动
浙江板块,301448,开创电气
浙江板块,603788,宁波高发
浙江板块,603877,太平鸟
浙江板块,300746,汉嘉设计
浙江板块,605378,野马电池
浙江板块,002144,宏达高科
浙江板块,002686,亿利达
浙江板块,300329,海伦钢琴
浙江板块,300897,山科智能
浙江板块,002434,万里扬
浙江板块,688306,均普智能
浙江板块,600633,浙数文化
浙江板块,002937,兴瑞科技
浙江板块,688296,和达科技
浙江板块,001211,双枪科技
浙江板块,301077,星华新材
浙江板块,603015,弘讯科技
浙江板块,605005,合兴股份
浙江板块,873152,天宏锂电
浙江板块,605008,长鸿高科
浙江板块,601689,拓普集团
浙江板块,002849,威星智能
浙江板块,301368,丰立智能
浙江板块,002520,日发精机
浙江板块,301157,华塑科技
浙江板块,300945,曼卡龙
浙江板块,301081,严牌股份
浙江板块,000925,众合科技
浙江板块,688360,德马科技
浙江板块,603089,正裕工业
浙江板块,603178,圣龙股份
浙江板块,300461,田中精机
浙江板块,601137,博威合金
浙江板块,603551,奥普家居
浙江板块,002730,电光科技
浙江板块,002931,锋龙股份
浙江板块,603931,格林达
浙江板块,300604,长川科技
浙江板块,603048,浙江黎明
浙江板块,603657,春光科技
浙江板块,002863,今飞凯达
浙江板块,300626,华瑞股份
浙江板块,301057,汇隆新材
浙江板块,002131,利欧股份
浙江板块,300306,远方信息
浙江板块,002586,*ST围海
浙江板块,300100,双林股份
浙江板块,300032,金龙机电
浙江板块,300984,金沃股份
浙江板块,002418,康盛股份
浙江板块,300553,集智股份
浙江板块,002718,友邦吊顶
浙江板块,002284,亚太股份
浙江板块,300478,杭州高新
浙江板块,002629,仁智股份
浙江板块,002859,洁美科技
浙江板块,600933,爱柯迪
浙江板块,001228,永泰运
浙江板块,301225,恒勃股份
浙江板块,603607,京华激光
浙江板块,605155,西大门
浙江板块,003036,泰坦股份
浙江板块,603239,浙江仙通
浙江板块,603500,祥和实业
浙江板块,603321,梅轮电梯
浙江板块,002404,嘉欣丝绸
浙江板块,605088,冠盛股份
浙江板块,688255,凯尔达
浙江板块,300643,万通智控
浙江板块,603177,德创环保
浙江板块,605068,明新旭腾
浙江板块,688611,杭州柯林
浙江板块,002196,方正电机
浙江板块,603045,福达合金
浙江板块,603556,海兴电力
浙江板块,605369,拱东医疗
浙江板块,301309,万得凯
浙江板块,603926,铁流股份
浙江板块,300795,米奥会展
浙江板块,603897,长城科技
浙江板块,001278,一彬科技
浙江板块,603667,五洲新春
浙江板块,002801,微光股份
浙江板块,002632,道明光学
浙江板块,002085,万丰奥威
浙江板块,300838,浙江力诺
浙江板块,603662,柯力传感
浙江板块,002236,大华股份
浙江板块,688288,鸿泉物联
浙江板块,605116,奥锐特
浙江板块,301056,森赫股份
浙江板块,603997,继峰股份
浙江板块,603337,杰克股份
浙江板块,603685,晨丰科技
浙江板块,603238,诺邦股份
浙江板块,301203,国泰环保
浙江板块,688215,瑞晟智能
浙江板块,603303,得邦照明
浙江板块,300930,屹通新材
浙江板块,300441,鲍斯股份
浙江板块,002122,汇洲智能
浙江板块,688577,浙海德曼
浙江板块,603116,红蜻蜓
浙江板块,688362,甬矽电子
浙江板块,688307,中润光学
浙江板块,300817,双飞股份
浙江板块,300913,兆龙互连
浙江板块,688088,虹软科技
浙江板块,600290,*ST华仪
浙江板块,301119,正强股份
浙江板块,605060,联德股份
浙江板块,300411,金盾股份
浙江板块,688616,西力科技
浙江板块,301113,雅艺科技
浙江板块,301255,通力科技
浙江板块,002154,报 喜 鸟
浙江板块,301390,经纬股份
浙江板块,301008,宏昌科技
浙江板块,002590,万安科技
浙江板块,605488,福莱新材
浙江板块,300649,杭州园林
浙江板块,603119,C浙荣
